Student_ID,Gender,Age,Attendance,Study_Hours,Assignment_Marks,Internal_Marks,Previous_Semester_Marks,Internet_Access,Family_Support,Extra_Curricular,Sleep_Hours,Daily_Screen_Time,Project_Marks,Quiz_Marks,Class_Participation,Final_Exam_Marks,Performance
STU_2026000,Male,24,76.0,8.4,57.2,74.0,71.1,Yes,Medium,No,7.1,1.3,58.5,86.5,45.8,74.1,Good
STU_2026001,Female,21,74.0,7.9,88.2,68.4,43.1,Yes,Medium,Yes,8.2,1.2,93.1,31.2,75.9,73.7,Good
STU_2026002,Female,23,51.3,6.2,99.8,53.7,54.0,Yes,High,Yes,7.3,6.2,80.6,43.1,41.5,67.3,Average
STU_2026003,Female,25,67.1,9.6,41.8,35.4,69.5,Yes,High,No,9.1,3.2,60.5,75.8,33.9,55.2,Average
STU_2026004,Male,25,69.0,2.8,93.8,67.3,58.6,Yes,Medium,Yes,6.4,6.6,72.6,56.3,38.5,63.4,Average
STU_2026005,Male,20,69.9,2.0,77.4,53.6,50.9,Yes,Low,No,6.8,4.0,90.4,98.8,95.1,61.2,Average
STU_2026006,Male,25,79.0,8.7,98.4,82.7,70.2,Yes,Medium,Yes,4.9,4.2,93.0,76.6,68.6,82.5,Good
STU_2026007,Female,24,76.7,5.0,67.9,36.6,59.4,No,High,No,7.5,4.6,49.6,97.0,85.7,63.1,Average
STU_2026008,Female,22,80.4,8.6,90.8,73.0,55.5,No,Medium,No,5.9,6.0,60.4,44.1,53.3,62.1,Average
STU_2026009,Female,18,88.2,9.0,43.7,96.2,67.8,Yes,Low,Yes,5.3,2.9,60.1,90.5,71.5,74.5,Good
STU_2026010,Male,24,90.6,1.6,60.1,46.3,48.0,Yes,Medium,Yes,7.2,1.9,42.5,52.5,64.6,54.3,Average
STU_2026011,Female,22,85.9,9.0,44.0,65.7,95.7,Yes,Low,No,7.2,4.9,75.9,99.3,96.2,76.0,Good
STU_2026012,Female,23,97.8,5.0,98.5,40.9,92.1,Yes,High,No,4.9,3.3,91.3,41.0,82.3,71.0,Good
STU_2026013,Male,25,50.9,5.6,89.0,75.7,82.5,Yes,High,No,8.0,4.1,62.9,66.1,81.1,77.9,Good
STU_2026014,Male,23,59.8,6.6,91.2,70.8,46.4,Yes,Medium,Yes,7.6,5.5,84.4,85.5,33.2,59.5,Average
STU_2026015,Male,25,50.4,9.3,96.3,61.5,86.6,Yes,Medium,Yes,5.4,4.5,77.7,60.3,68.5,73.9,Good
STU_2026016,Male,18,82.4,1.2,45.1,68.9,88.5,Yes,High,No,6.8,5.3,62.5,62.8,62.7,66.3,Average
STU_2026017,Female,19,94.9,5.3,63.1,93.3,86.1,Yes,High,No,8.1,4.8,48.5,99.0,94.9,86.3,Excellent
STU_2026018,Male,18,62.2,7.2,44.3,47.8,46.8,No,Medium,No,7.1,6.2,82.6,59.8,48.0,51.8,Average
STU_2026019,Male,21,96.4,7.5,52.6,36.5,78.6,Yes,High,No,6.5,5.9,91.3,72.3,48.9,65.1,Average
STU_2026020,Female,24,53.0,7.2,53.8,91.0,90.1,Yes,High,No,6.1,4.7,81.2,33.8,58.8,68.0,Average
STU_2026021,Male,20,96.7,2.2,68.1,72.5,74.6,Yes,Medium,No,7.6,5.8,41.1,89.0,47.0,66.8,Average
STU_2026022,Male,19,67.6,3.7,56.1,92.9,78.8,Yes,Medium,Yes,9.2,7.1,53.0,75.4,39.0,61.5,Average
STU_2026023,Male,18,55.1,4.2,46.1,73.8,67.5,Yes,Medium,No,7.9,4.0,44.2,58.3,90.0,59.4,Average
STU_2026024,Male,22,74.3,8.2,50.0,87.7,71.7,Yes,High,No,4.9,3.9,74.2,31.1,69.1,71.1,Good
STU_2026025,Female,19,62.8,3.5,48.8,62.9,42.1,No,Medium,Yes,6.8,6.3,85.4,71.4,90.3,58.6,Average
STU_2026026,Male,24,64.2,2.9,98.4,83.7,78.3,Yes,Medium,No,9.0,5.1,46.6,30.9,88.2,71.4,Good
STU_2026027,Female,25,65.4,9.6,85.6,94.3,44.9,Yes,Medium,No,5.0,1.5,90.3,30.1,49.7,73.2,Good
STU_2026028,Female,19,90.2,1.1,98.1,72.2,66.1,Yes,Medium,No,9.4,7.2,73.3,73.1,68.3,69.0,Average
STU_2026029,Male,25,77.0,10.0,66.4,46.8,57.6,Yes,High,No,9.2,1.2,81.4,43.2,35.8,60.6,Average
STU_2026030,Female,24,65.6,7.1,56.7,52.5,72.7,Yes,High,No,4.9,6.2,98.3,43.4,94.1,63.6,Average
STU_2026031,Male,18,80.5,8.5,87.9,47.9,48.0,No,High,Yes,9.2,6.3,45.0,75.7,58.3,58.1,Average
STU_2026032,Male,24,85.8,3.7,59.6,51.0,81.5,No,High,No,6.3,7.7,94.1,33.8,57.6,55.5,Average
STU_2026033,Female,19,63.6,1.1,58.0,54.9,87.7,Yes,Medium,No,8.7,1.4,47.6,51.9,51.2,60.0,Average
STU_2026034,Female,22,70.7,7.6,54.0,71.1,49.8,Yes,Medium,No,6.6,5.2,63.6,40.5,62.2,58.8,Average
STU_2026035,Female,23,56.1,8.5,47.8,73.2,,Yes,Medium,Yes,6.7,4.0,91.1,70.6,47.6,68.4,Average
STU_2026036,Male,19,59.1,7.7,55.4,62.7,48.7,Yes,Medium,Yes,7.7,3.3,94.4,76.3,56.2,72.8,Good
STU_2026037,Male,24,84.1,2.3,61.3,75.0,92.6,No,High,No,8.4,1.6,70.4,80.5,86.0,70.3,Good
STU_2026038,Female,23,59.1,7.8,80.4,40.3,71.7,Yes,Medium,No,4.7,4.9,75.6,47.9,88.4,61.5,Average
STU_2026039,Male,24,76.3,7.9,43.8,40.7,68.0,Yes,High,No,7.5,4.4,82.5,36.2,51.3,60.3,Average
STU_2026040,Male,22,85.5,6.9,52.6,46.2,46.4,Yes,High,No,5.4,1.7,90.0,35.5,62.8,52.9,Average
STU_2026041,Female,24,55.3,7.9,88.5,68.7,79.0,Yes,High,No,6.2,5.3,47.3,59.8,91.2,68.3,Average
STU_2026042,Male,18,78.4,8.6,48.8,48.9,92.1,No,Medium,No,6.2,6.2,88.6,96.2,33.7,72.5,Good
STU_2026043,Female,20,62.8,6.5,60.6,53.4,89.7,Yes,Low,No,6.8,6.4,68.9,45.2,92.2,62.0,Average
STU_2026044,Male,25,98.1,1.8,91.9,61.0,77.6,Yes,High,No,6.2,7.3,67.0,48.0,45.3,73.4,Good
STU_2026045,Female,25,74.2,5.4,49.3,87.8,44.5,Yes,High,No,5.0,3.9,65.4,37.1,77.5,66.9,Average
STU_2026046,Male,19,90.3,1.7,45.0,35.9,46.7,Yes,Medium,No,5.2,7.7,70.6,72.4,70.8,45.5,Poor
STU_2026047,Female,20,77.5,4.7,69.1,77.2,43.0,Yes,High,No,4.7,7.1,96.7,77.6,68.7,67.1,Average
STU_2026048,Female,24,52.2,4.7,58.1,78.5,55.4,Yes,Medium,No,6.9,3.1,72.9,75.0,90.2,68.0,Average
STU_2026049,Male,22,81.7,1.6,73.8,86.9,48.1,Yes,Medium,Yes,9.3,2.1,97.2,90.3,37.1,74.4,Good
STU_2026050,Female,19,97.6,4.1,88.2,95.6,55.6,Yes,Low,No,5.1,4.0,50.8,64.0,54.3,67.0,Average
STU_2026051,Female,24,80.1,2.0,48.2,36.3,63.1,Yes,Medium,Yes,9.2,3.8,83.4,39.4,67.7,49.3,Poor
STU_2026052,Female,23,91.0,8.3,74.8,45.0,96.6,Yes,Medium,No,8.2,5.0,88.7,50.3,86.8,88.9,Excellent
STU_2026053,Female,21,94.2,9.5,70.3,92.6,76.6,Yes,Medium,No,7.7,5.1,80.7,76.4,45.2,84.4,Good
STU_2026054,Female,24,61.4,1.7,48.6,64.8,90.1,Yes,Medium,No,7.7,6.2,76.4,72.9,86.2,66.9,Average
STU_2026055,Female,20,60.6,9.6,77.4,71.7,82.6,Yes,Medium,No,8.6,4.6,73.9,67.2,58.0,74.7,Good
STU_2026056,Male,19,80.5,5.7,56.4,78.1,46.8,Yes,High,Yes,5.0,1.7,91.7,77.8,43.2,69.7,Average
STU_2026057,Male,20,70.6,3.7,69.3,79.1,84.2,Yes,Medium,No,7.0,7.0,89.3,74.6,83.1,77.8,Good
STU_2026058,Male,19,92.0,1.7,44.9,95.6,56.5,Yes,Medium,No,8.0,3.2,47.3,91.7,36.4,73.3,Good
STU_2026059,Male,24,95.0,5.5,67.6,99.8,78.3,No,Medium,No,7.4,7.8,90.9,71.0,66.0,79.2,Good
STU_2026060,Male,18,67.7,8.2,58.4,81.8,60.5,Yes,Medium,Yes,8.7,1.8,64.8,84.5,34.5,65.2,Average
STU_2026061,Male,23,61.8,7.4,89.3,53.7,99.9,Yes,Medium,No,4.9,7.7,55.2,47.4,54.9,65.7,Average
STU_2026062,Female,24,89.0,1.5,43.4,92.2,55.8,Yes,High,No,8.0,1.6,92.2,77.5,72.1,74.6,Good
STU_2026063,Male,25,63.7,1.7,65.1,38.2,56.7,Yes,Medium,No,7.2,2.6,65.9,93.2,68.9,64.7,Average
STU_2026064,Male,20,91.1,4.6,67.5,50.0,95.8,Yes,Medium,No,6.4,1.3,88.5,57.0,58.3,74.7,Good
STU_2026065,Female,21,71.2,3.7,83.5,93.3,41.5,Yes,Low,No,6.2,5.9,55.8,84.5,60.0,62.7,Average
STU_2026066,Male,21,83.4,3.1,74.5,51.7,81.8,Yes,Low,No,7.6,7.0,40.2,80.7,45.9,55.5,Average
STU_2026067,Female,22,54.8,3.5,80.0,49.3,83.5,Yes,High,No,9.0,4.0,69.7,34.2,61.9,59.9,Average
STU_2026068,Male,19,81.2,8.2,86.6,44.0,90.2,Yes,Medium,No,7.0,7.5,46.0,70.7,96.7,65.6,Average
STU_2026069,Female,20,72.6,9.4,91.7,90.8,98.5,Yes,High,Yes,8.6,5.1,85.3,39.1,89.5,90.0,Excellent
STU_2026070,Female,22,79.3,4.6,58.8,67.5,98.5,Yes,High,No,6.5,5.4,56.6,97.7,40.2,71.8,Good
STU_2026071,Male,20,58.4,9.2,72.3,78.9,43.9,Yes,Medium,No,5.0,6.9,66.6,86.8,32.1,62.0,Average
STU_2026072,Male,25,86.8,3.9,90.4,50.5,89.3,Yes,High,Yes,4.8,3.1,45.2,37.7,95.3,66.5,Average
STU_2026073,Female,19,93.1,,99.4,84.3,78.8,No,Medium,Yes,4.8,3.5,57.2,38.5,66.9,72.7,Good
STU_2026074,Female,24,60.8,3.0,93.4,84.4,78.8,Yes,High,No,6.4,7.3,86.9,71.6,67.6,68.6,Average
STU_2026075,Female,24,54.8,6.8,62.3,55.3,47.7,Yes,High,Yes,6.2,7.3,49.1,54.1,84.7,51.3,Average
STU_2026076,Female,21,51.2,9.8,51.7,61.7,79.0,No,Medium,No,8.1,7.8,78.8,32.4,52.0,59.8,Average
STU_2026077,Male,24,82.1,6.4,69.4,48.6,98.9,Yes,Medium,Yes,8.2,7.3,95.0,67.9,63.7,79.9,Good
STU_2026078,Male,24,80.4,4.2,84.5,98.5,94.7,Yes,Low,Yes,4.8,1.9,80.8,57.1,97.8,79.6,Good
STU_2026079,Male,25,77.3,6.8,69.6,77.0,66.3,Yes,Medium,Yes,5.6,6.8,88.7,37.1,77.1,69.9,Average
STU_2026080,Female,18,61.6,2.1,69.0,95.7,42.4,No,Medium,Yes,5.9,3.9,46.5,86.1,40.8,61.6,Average
STU_2026081,Female,21,69.5,9.0,90.3,54.7,61.7,No,High,No,7.2,7.9,55.0,94.1,39.3,70.7,Good
STU_2026082,Male,22,79.7,5.5,61.7,85.8,89.6,Yes,High,No,5.2,4.3,93.7,83.0,44.3,85.9,Excellent
STU_2026083,Male,23,74.8,5.0,91.6,84.8,82.1,Yes,High,Yes,5.2,4.9,82.9,87.6,83.7,84.7,Good
STU_2026084,Male,18,99.4,6.3,64.4,80.0,67.6,Yes,Medium,No,9.2,4.7,78.4,45.2,50.7,69.1,Average
STU_2026085,Male,22,56.8,6.6,59.7,97.8,43.3,Yes,Medium,No,8.5,3.3,79.8,48.5,31.5,64.3,Average
STU_2026086,Female,19,84.8,1.6,67.2,60.6,65.6,Yes,Medium,No,5.4,1.5,64.9,44.6,96.1,61.1,Average
STU_2026087,Female,18,70.2,7.1,85.7,43.5,68.1,Yes,Medium,No,6.5,7.3,42.7,83.6,41.9,56.3,Average
STU_2026088,Female,25,71.4,3.2,47.6,78.7,95.7,Yes,Medium,No,6.3,6.6,87.1,96.4,30.7,73.3,Good
STU_2026089,Male,22,85.9,7.4,51.8,82.4,78.5,Yes,High,No,8.5,2.0,80.7,80.2,46.6,81.9,Good
STU_2026090,Male,19,84.6,8.4,97.1,72.4,,Yes,High,No,7.1,6.4,68.4,91.7,46.5,79.4,Good
STU_2026091,Female,21,99.6,8.2,50.5,48.4,71.5,Yes,Medium,Yes,5.1,5.4,94.0,74.7,59.5,73.3,Good
STU_2026092,Female,23,56.4,6.0,74.1,67.8,44.0,Yes,Medium,No,8.2,3.9,60.2,57.1,94.4,71.8,Good
STU_2026093,Female,19,55.2,5.7,74.8,55.3,98.4,No,Low,No,6.5,2.8,57.7,59.8,91.5,62.5,Average
STU_2026094,Female,24,86.2,2.3,69.4,62.8,61.6,Yes,High,No,5.8,7.0,92.4,35.3,62.0,67.3,Average
STU_2026095,Female,20,78.9,8.0,78.7,76.9,68.7,Yes,Low,No,6.4,5.9,87.8,32.2,58.8,65.5,Average
STU_2026096,Female,19,63.7,3.4,53.8,83.4,61.3,Yes,High,No,7.0,4.8,70.9,78.7,68.9,73.0,Good
STU_2026097,Male,19,54.0,5.5,73.2,50.1,81.0,Yes,High,Yes,6.2,5.3,47.8,60.7,47.0,66.9,Average
STU_2026098,Male,23,54.3,3.6,62.3,61.3,79.7,No,Low,No,5.7,1.6,52.9,68.7,33.7,57.9,Average
STU_2026099,Male,20,94.7,2.2,79.7,52.5,,Yes,High,No,6.5,4.3,79.4,69.0,95.7,72.7,Good
STU_2026100,Male,24,59.6,6.7,48.5,47.9,56.1,Yes,Medium,No,4.6,2.4,63.1,49.4,43.1,50.9,Average
STU_2026101,Female,22,66.2,1.5,74.3,85.9,58.9,Yes,High,No,8.4,2.5,90.2,63.3,43.9,70.9,Good
STU_2026102,Male,22,61.3,7.7,51.1,94.1,47.5,Yes,Medium,No,5.4,5.6,97.0,63.0,63.1,68.1,Average
STU_2026103,Female,19,67.7,3.9,56.7,59.1,79.3,Yes,Low,Yes,4.7,7.4,88.3,57.2,64.4,66.5,Average
STU_2026104,Female,25,53.5,1.0,53.1,83.8,42.4,Yes,High,No,7.8,3.8,62.7,87.4,31.3,63.8,Average
STU_2026105,Male,25,76.0,5.6,51.0,93.3,75.9,Yes,Medium,No,8.4,2.5,87.3,61.6,40.4,80.7,Good
STU_2026106,Male,20,53.4,1.4,89.5,90.0,92.2,Yes,High,No,8.6,5.5,61.1,72.3,56.5,77.6,Good
STU_2026107,Female,20,90.0,3.5,57.1,46.9,93.4,Yes,Medium,Yes,7.0,7.1,50.0,92.7,77.9,61.9,Average
STU_2026108,Male,24,61.7,7.4,95.6,97.2,66.9,No,High,No,5.5,6.2,42.0,90.6,46.0,75.8,Good
STU_2026109,Male,23,77.0,1.6,98.2,59.5,67.6,Yes,High,No,8.2,7.1,63.1,92.3,59.6,61.0,Average
STU_2026110,Male,21,94.0,8.6,74.3,57.1,44.6,No,High,No,8.0,4.8,94.2,48.9,69.0,64.6,Average
STU_2026111,Male,22,82.5,1.0,48.6,39.1,80.2,Yes,High,No,5.7,6.3,54.3,32.4,92.2,49.2,Poor
STU_2026112,Female,23,76.6,3.2,62.5,66.6,89.3,Yes,Low,No,9.0,2.0,52.4,48.3,52.8,58.6,Average
STU_2026113,Female,18,66.2,7.7,87.9,42.1,54.7,Yes,High,Yes,5.0,3.4,98.2,49.5,39.3,67.8,Average
STU_2026114,Female,22,66.7,3.8,62.0,51.2,65.3,Yes,High,Yes,9.4,3.7,41.5,93.7,64.2,61.9,Average
STU_2026115,Female,23,83.5,1.9,45.2,55.6,90.3,Yes,Medium,No,8.8,4.6,87.1,75.4,82.3,69.0,Average
STU_2026116,Female,22,99.7,4.2,73.4,87.6,92.6,Yes,High,No,7.9,7.5,59.3,35.7,37.7,78.8,Good
STU_2026117,Male,21,83.1,3.4,90.7,91.9,54.6,Yes,Medium,Yes,9.2,7.1,42.2,39.5,59.7,61.4,Average
STU_2026118,Female,18,77.9,8.6,87.8,54.7,73.0,Yes,Low,Yes,8.1,1.9,95.1,40.9,31.2,68.1,Average
STU_2026119,Female,25,86.5,3.8,50.5,90.8,51.5,Yes,Medium,Yes,5.5,2.2,48.4,74.1,32.3,65.3,Average
STU_2026120,Female,25,73.3,8.1,80.4,90.7,46.1,Yes,Low,No,6.7,3.5,73.1,81.5,63.8,68.3,Average
STU_2026121,Female,21,53.0,9.0,53.2,84.7,94.7,Yes,Medium,Yes,4.9,3.0,56.4,90.2,50.9,69.9,Average
STU_2026122,Male,24,78.1,4.9,53.1,44.5,89.2,Yes,High,No,6.4,5.3,43.9,95.8,89.2,68.1,Average
STU_2026123,Male,18,97.9,9.2,92.4,79.9,85.6,Yes,Medium,No,8.2,7.3,43.0,44.1,72.2,81.6,Good
STU_2026124,Male,19,58.8,4.4,55.0,96.4,42.9,Yes,Medium,Yes,6.4,7.7,46.9,51.7,61.8,64.3,Average
STU_2026125,Male,23,84.5,9.7,55.8,79.4,90.6,Yes,Medium,No,6.2,5.6,44.3,46.8,58.6,67.9,Average
STU_2026126,Female,18,60.0,1.8,40.0,56.6,66.3,Yes,Low,Yes,7.5,6.9,85.6,55.1,64.8,59.2,Average
STU_2026127,Female,24,76.8,7.2,92.2,67.5,60.5,Yes,Medium,No,8.9,4.7,69.1,94.0,32.8,76.0,Good
STU_2026128,Male,24,54.8,5.4,87.6,77.0,72.8,Yes,Low,Yes,4.7,2.5,60.6,70.3,92.5,67.7,Average
STU_2026129,Female,21,72.5,4.5,77.6,68.2,45.5,Yes,Medium,No,6.4,4.7,65.1,81.7,99.9,69.2,Average
STU_2026130,Male,22,87.8,6.7,85.0,42.8,85.4,Yes,Medium,No,5.3,4.9,95.7,64.3,42.7,72.4,Good
STU_2026131,Male,18,67.4,7.3,49.1,55.3,74.9,Yes,Medium,Yes,8.0,6.2,94.6,32.0,38.4,68.3,Average
STU_2026132,Male,23,83.2,1.0,67.5,87.2,51.2,Yes,High,Yes,5.0,2.5,82.9,34.5,40.1,68.6,Average
STU_2026133,Male,18,89.8,2.5,61.1,91.0,51.3,Yes,Low,No,7.8,3.6,93.1,67.7,76.3,77.4,Good
STU_2026134,Female,20,96.4,7.4,45.6,43.9,51.1,Yes,Medium,Yes,5.9,3.5,59.2,80.3,76.3,58.9,Average
STU_2026135,Male,22,,7.0,69.2,96.9,43.4,Yes,High,No,5.5,7.7,62.9,45.1,89.4,61.7,Average
STU_2026136,Female,23,70.0,9.7,95.2,56.4,75.3,No,High,No,9.2,4.1,76.8,80.5,82.6,78.5,Good
STU_2026137,Female,25,57.6,7.8,42.4,78.1,90.4,Yes,Medium,No,4.6,6.3,77.4,86.7,61.5,66.9,Average
STU_2026138,Male,23,99.6,9.6,57.5,83.9,41.0,Yes,High,No,6.7,6.3,68.9,58.8,72.9,71.4,Good
STU_2026139,Female,19,96.4,7.3,52.5,87.8,42.9,Yes,High,No,4.6,2.9,64.0,82.2,78.2,70.0,Good
STU_2026140,Female,21,77.0,3.7,54.3,96.5,74.4,Yes,Medium,No,6.9,5.0,99.2,58.3,65.9,80.5,Good
STU_2026141,Male,19,92.1,1.9,94.5,55.3,89.2,Yes,High,No,7.0,7.3,89.3,77.5,63.3,82.1,Good
STU_2026142,Female,23,76.0,8.0,68.1,90.8,59.6,Yes,Medium,Yes,6.1,4.3,66.1,83.5,75.2,76.6,Good
STU_2026143,Male,22,81.2,6.8,68.0,43.6,61.0,No,High,Yes,5.2,7.6,83.6,99.4,69.0,64.1,Average
STU_2026144,Male,18,54.5,1.4,85.6,80.8,75.8,Yes,High,No,6.4,2.5,56.2,54.2,75.1,71.6,Good
STU_2026145,Male,25,87.8,4.2,49.3,83.2,56.5,Yes,Medium,No,7.9,1.5,46.0,58.8,72.9,59.1,Average
STU_2026146,Female,18,56.4,9.6,69.2,79.1,41.6,No,Medium,No,8.4,7.2,61.1,41.6,80.3,61.3,Average
STU_2026147,Female,22,91.3,5.5,65.8,51.4,84.1,No,High,Yes,7.2,6.9,64.2,44.3,75.0,61.5,Average
STU_2026148,Male,23,89.1,4.9,75.8,91.7,77.5,Yes,High,No,7.4,7.9,41.0,78.5,66.4,77.2,Good
STU_2026149,Male,24,85.4,5.1,100.0,46.0,74.8,No,Medium,Yes,5.5,5.8,88.9,94.2,77.7,64.5,Average
STU_2026150,Female,18,51.8,,86.2,38.5,84.5,Yes,High,Yes,5.9,7.6,61.6,57.6,61.5,56.5,Average
STU_2026151,Male,24,65.2,4.3,63.9,81.6,80.5,No,High,No,5.3,6.8,74.8,42.6,46.9,70.4,Good
STU_2026152,Male,18,63.2,4.3,89.7,65.9,52.4,Yes,High,Yes,5.7,6.9,44.4,50.0,30.1,62.5,Average
STU_2026153,Female,18,68.0,1.5,50.2,90.2,61.1,Yes,Medium,No,5.6,5.0,50.5,61.9,69.2,62.7,Average
STU_2026154,Female,25,54.4,7.9,41.8,59.9,47.6,Yes,Medium,No,7.1,3.7,93.4,50.3,71.3,64.4,Average
STU_2026155,Male,21,96.8,4.7,52.3,45.9,47.8,Yes,Medium,No,7.3,7.5,76.5,46.4,98.0,57.3,Average
STU_2026156,Female,21,77.7,8.4,60.4,89.4,80.6,Yes,Medium,No,9.2,4.0,97.0,81.5,55.3,82.8,Good
STU_2026157,Female,20,65.3,8.7,70.6,70.7,91.5,Yes,Medium,Yes,5.5,4.8,99.9,30.5,57.6,74.2,Good
STU_2026158,Male,19,69.8,2.9,76.9,47.3,97.8,Yes,Medium,Yes,7.7,4.1,62.3,67.7,44.1,74.1,Good
STU_2026159,Female,22,72.4,6.9,94.6,81.8,77.7,Yes,Medium,No,8.6,5.0,57.9,85.6,34.9,75.0,Good
STU_2026160,Male,22,80.0,5.3,70.6,68.2,51.0,Yes,High,No,7.3,4.3,91.5,48.6,84.1,71.6,Good
STU_2026161,Female,22,75.8,8.9,70.1,74.3,46.3,Yes,Medium,No,5.8,1.3,99.9,72.2,47.5,71.2,Good
STU_2026162,Female,20,96.0,2.9,43.0,65.0,88.8,Yes,Medium,Yes,5.8,7.2,77.8,76.8,72.6,65.1,Average
STU_2026163,Female,21,74.8,7.1,42.1,88.9,74.7,Yes,Medium,No,4.7,4.1,87.7,75.9,78.1,76.0,Good
STU_2026164,Male,23,99.6,6.5,73.1,88.9,77.1,No,High,No,6.0,5.1,86.9,61.2,63.0,76.0,Good
STU_2026165,Female,24,92.6,3.7,66.3,81.1,86.9,Yes,High,No,8.2,2.0,61.3,54.3,91.3,80.6,Good
STU_2026166,Male,25,60.4,2.2,90.4,41.9,82.2,Yes,Medium,No,4.7,1.0,74.5,88.5,61.1,70.5,Good
STU_2026167,Male,24,96.5,6.9,49.6,89.5,90.1,Yes,Medium,Yes,5.6,2.7,90.0,83.1,49.9,78.8,Good
STU_2026168,Male,23,55.8,7.6,41.5,78.6,43.4,Yes,Low,Yes,8.0,5.9,81.3,52.5,92.7,61.2,Average
STU_2026169,Female,25,90.9,3.8,66.9,80.3,84.9,Yes,High,No,8.4,1.7,41.3,37.2,90.3,75.6,Good
STU_2026170,Female,20,69.0,6.8,54.2,58.6,91.1,Yes,Medium,No,6.8,7.4,60.2,35.0,41.5,58.4,Average
STU_2026171,Male,23,93.9,4.6,43.0,92.2,57.2,Yes,Medium,Yes,8.0,2.5,48.7,36.6,31.8,67.9,Average
STU_2026172,Female,22,93.4,7.4,83.5,82.1,78.4,Yes,Low,No,6.4,2.4,54.0,70.8,36.3,73.4,Good
STU_2026173,Male,19,90.3,2.8,46.7,42.3,58.8,Yes,Medium,Yes,5.3,2.3,94.3,33.6,50.1,60.5,Average
STU_2026174,Female,18,89.5,9.0,76.5,61.5,97.5,Yes,Medium,Yes,6.5,1.1,42.2,53.6,98.1,70.9,Good
STU_2026175,Male,24,65.2,3.6,56.9,92.6,42.0,No,Medium,Yes,7.4,6.4,53.2,82.7,69.1,58.9,Average
STU_2026176,Female,21,54.0,4.3,50.4,38.1,74.8,Yes,Medium,Yes,9.2,7.1,58.6,50.6,56.1,49.9,Poor
STU_2026177,Male,21,70.1,1.5,62.8,97.5,50.0,Yes,Low,No,4.8,5.3,77.0,83.4,92.2,64.6,Average
STU_2026178,Female,20,58.7,2.0,88.1,79.1,82.7,Yes,High,No,7.0,2.3,72.0,82.2,61.7,82.2,Good
STU_2026179,Male,25,84.7,5.6,63.5,76.0,50.6,Yes,High,Yes,6.1,3.0,53.1,47.2,52.1,60.2,Average
STU_2026180,Male,21,67.3,3.4,85.0,52.6,54.1,Yes,Low,Yes,7.0,4.3,49.9,81.0,95.9,70.9,Good
STU_2026181,Male,22,98.8,8.5,47.5,51.2,69.7,Yes,Medium,No,4.6,7.7,54.2,82.3,89.5,65.2,Average
STU_2026182,Female,24,,1.1,86.4,96.2,94.9,No,Medium,Yes,6.1,2.7,70.2,57.8,89.1,78.2,Good
STU_2026183,Female,23,91.1,4.4,54.2,54.4,52.7,Yes,Medium,No,8.6,6.1,56.3,44.7,65.9,55.5,Average
STU_2026184,Male,22,56.6,4.0,80.6,85.4,48.7,Yes,High,Yes,7.3,4.1,96.9,66.5,85.3,73.6,Good
STU_2026185,Female,20,93.1,1.2,73.9,60.6,85.5,Yes,Medium,No,6.8,3.1,67.8,94.5,42.6,78.3,Good
STU_2026186,Female,22,96.1,2.1,95.7,44.1,70.0,Yes,Medium,Yes,5.9,4.2,43.5,74.8,70.1,61.1,Average
STU_2026187,Female,23,74.4,4.7,63.2,35.7,94.7,Yes,High,Yes,6.0,1.5,83.8,42.1,98.9,67.4,Average
STU_2026188,Female,19,80.3,5.4,44.0,70.4,48.8,Yes,High,Yes,6.4,6.6,59.7,77.8,50.4,53.0,Average
STU_2026189,Male,20,88.2,4.6,41.1,98.4,78.8,Yes,Medium,Yes,8.7,2.7,79.2,59.9,85.6,77.8,Good
STU_2026190,Male,19,58.7,5.8,89.6,59.0,54.0,Yes,High,No,9.3,6.1,56.8,71.4,64.3,58.0,Average
STU_2026191,Female,18,75.1,6.4,71.5,58.2,49.4,Yes,Low,No,6.7,1.5,74.2,81.4,32.8,60.0,Average
STU_2026192,Female,19,69.9,1.1,86.5,57.4,81.0,Yes,High,Yes,6.5,7.7,86.3,66.0,83.4,68.2,Average
STU_2026193,Female,18,57.3,5.2,54.1,68.8,75.6,Yes,Medium,Yes,8.7,2.4,95.7,87.0,41.8,67.3,Average
STU_2026194,Male,18,68.4,9.7,60.7,63.6,85.3,Yes,Low,No,6.6,7.2,55.7,80.6,74.2,61.1,Average
STU_2026195,Male,19,53.4,5.7,41.8,92.2,58.6,Yes,Medium,No,7.3,6.7,60.1,73.1,36.0,65.8,Average
STU_2026196,Female,20,51.3,7.1,97.7,67.9,66.9,Yes,Medium,No,5.7,7.8,67.9,40.6,96.3,62.1,Average
STU_2026197,Female,25,56.8,3.8,80.1,68.0,64.3,Yes,Medium,No,8.2,4.3,95.6,88.5,50.4,72.5,Good
STU_2026198,Female,23,98.2,8.0,96.0,44.0,99.0,Yes,High,No,7.2,6.1,94.1,95.5,45.9,85.3,Excellent
STU_2026199,Female,22,77.5,8.0,55.9,98.9,57.5,Yes,High,No,8.5,3.6,45.4,39.6,39.0,77.0,Good
STU_2026200,Female,22,98.3,5.7,76.7,51.2,57.7,Yes,Low,No,8.4,2.3,47.9,64.2,96.2,64.5,Average
STU_2026201,Male,23,71.6,9.8,80.7,39.8,61.3,Yes,Medium,No,5.6,4.1,69.7,48.1,79.8,59.0,Average
STU_2026202,Male,24,65.6,2.1,59.1,78.1,73.9,Yes,Medium,Yes,8.1,2.2,46.4,82.8,81.9,69.1,Average
STU_2026203,Female,24,75.3,1.2,90.9,73.7,55.1,Yes,High,Yes,8.5,7.9,60.7,80.5,65.0,66.8,Average
STU_2026204,Female,18,72.0,7.9,96.8,62.0,94.9,Yes,High,Yes,6.2,1.7,48.9,39.9,63.2,73.1,Good
STU_2026205,Male,18,55.3,8.3,93.1,62.4,55.9,Yes,High,No,5.4,5.1,78.2,91.4,37.7,74.8,Good
STU_2026206,Male,20,82.0,2.1,84.3,86.0,93.7,No,Medium,No,4.5,5.4,97.0,42.7,69.2,77.4,Good
STU_2026207,Female,21,60.8,3.4,56.6,47.7,46.2,Yes,Medium,No,6.8,4.8,99.8,85.8,47.3,62.4,Average
STU_2026208,Male,19,81.0,1.2,56.9,88.3,79.4,Yes,Medium,Yes,6.3,5.6,62.5,62.0,98.4,67.5,Average
STU_2026209,Male,18,82.5,3.6,97.8,77.2,94.4,No,Medium,No,7.3,1.8,75.9,53.0,85.8,84.5,Good
STU_2026210,Female,22,57.6,8.0,40.6,62.2,50.1,Yes,High,No,5.4,4.9,91.4,41.1,58.9,60.7,Average
STU_2026211,Female,20,53.1,5.7,83.0,64.8,98.1,Yes,High,Yes,8.8,3.0,47.0,41.7,40.6,66.5,Average
STU_2026212,Female,19,89.0,4.1,82.4,51.7,67.2,Yes,High,No,5.8,7.6,81.4,76.3,85.0,75.3,Good
STU_2026213,Male,20,73.0,4.3,77.4,83.9,96.7,Yes,Medium,No,5.6,6.3,64.5,68.5,38.5,66.5,Average
STU_2026214,Female,19,52.9,1.0,99.4,68.3,80.6,No,High,No,6.9,7.8,52.4,38.5,43.3,57.5,Average
STU_2026215,Male,19,99.7,3.7,58.7,55.9,58.1,Yes,Low,No,7.0,1.3,64.2,37.9,44.8,52.3,Average
STU_2026216,Male,23,52.9,6.8,60.4,73.7,51.3,Yes,High,No,5.6,3.0,44.6,35.1,69.0,68.1,Average
STU_2026217,Female,18,84.8,9.8,44.7,99.7,58.2,Yes,Low,No,5.9,2.4,81.7,82.1,85.1,80.1,Good
STU_2026218,Female,25,99.2,8.6,66.6,63.3,45.6,Yes,Medium,No,5.3,1.1,55.2,79.8,52.0,68.5,Average
STU_2026219,Female,20,62.0,1.2,55.7,94.8,,Yes,Low,No,8.1,2.7,58.7,34.1,35.9,59.2,Average
STU_2026220,Female,25,57.1,9.1,60.6,57.4,46.3,Yes,Medium,Yes,8.4,5.8,47.3,69.2,62.5,67.3,Average
STU_2026221,Female,20,56.1,8.0,90.1,38.6,65.4,Yes,Low,No,6.8,2.6,91.9,35.9,82.4,62.7,Average
STU_2026222,Male,23,65.2,8.0,96.1,48.3,87.7,Yes,High,Yes,8.1,4.6,69.6,93.3,45.5,83.1,Good
STU_2026223,Male,22,55.1,5.1,51.1,62.2,48.5,Yes,Medium,No,8.2,7.2,74.3,93.5,45.4,61.4,Average
STU_2026224,Male,25,84.6,4.6,62.4,49.3,47.8,Yes,Low,No,5.2,5.9,74.2,78.9,96.3,54.5,Average
STU_2026225,Male,22,53.1,3.7,95.7,35.0,78.6,Yes,High,No,9.3,3.8,64.6,94.8,96.8,66.6,Average
STU_2026226,Female,24,75.5,1.6,43.7,94.5,51.8,Yes,High,No,8.6,3.6,51.6,86.8,99.3,66.2,Average
STU_2026227,Male,18,99.8,3.1,45.5,89.9,45.9,Yes,Medium,Yes,5.5,4.2,84.7,88.0,86.5,73.1,Good
STU_2026228,Female,18,90.7,3.2,49.8,83.2,50.0,No,Low,No,5.4,2.2,47.6,69.9,43.2,55.3,Average
STU_2026229,Female,21,,5.4,75.7,45.9,95.4,Yes,Medium,Yes,5.1,5.4,46.2,51.4,44.8,64.0,Average
STU_2026230,Female,23,65.3,7.7,49.0,42.8,89.3,Yes,Medium,Yes,5.2,3.5,82.6,45.2,53.8,69.1,Average
STU_2026231,Female,22,81.2,5.3,98.1,39.4,61.2,Yes,High,No,8.2,7.0,52.5,52.9,52.3,52.0,Average
STU_2026232,Female,19,76.4,1.5,66.8,82.1,79.3,No,High,Yes,6.8,6.3,58.4,74.0,97.0,69.0,Average
STU_2026233,Female,20,71.3,9.6,70.1,95.4,72.2,Yes,Medium,No,8.4,5.3,68.5,42.1,85.2,82.6,Good
STU_2026234,Male,18,56.5,9.5,54.8,63.0,80.6,Yes,High,No,8.2,3.5,67.0,48.1,80.7,76.4,Good
STU_2026235,Female,25,94.3,8.1,68.3,42.7,81.0,Yes,Medium,No,7.5,2.5,82.5,62.8,43.0,71.0,Good
STU_2026236,Male,20,72.5,9.9,79.7,68.3,77.7,No,Low,No,7.9,6.4,77.4,46.3,93.7,69.4,Average
STU_2026237,Male,20,59.7,5.9,85.1,57.7,56.0,Yes,High,Yes,4.6,4.4,78.7,71.2,88.0,73.1,Good
STU_2026238,Female,21,68.4,9.7,85.2,59.4,42.3,Yes,Medium,Yes,6.1,2.6,82.8,94.6,41.5,74.1,Good
STU_2026239,Male,22,70.7,1.7,74.7,75.4,67.3,No,High,No,7.7,2.4,57.6,82.4,91.0,69.3,Average
STU_2026240,Female,18,91.4,4.3,94.3,81.7,93.5,Yes,Medium,No,4.5,2.2,59.3,76.6,49.1,79.7,Good
STU_2026241,Female,20,86.7,3.0,89.0,42.2,74.2,Yes,High,No,4.7,6.4,66.3,70.8,35.7,68.0,Average
STU_2026242,Female,18,88.5,2.8,85.4,37.3,89.9,Yes,Medium,No,8.8,2.6,58.4,64.2,76.0,57.0,Average
STU_2026243,Male,19,50.6,,43.3,99.6,99.5,No,High,Yes,7.9,4.7,99.1,43.1,75.8,78.1,Good
STU_2026244,Male,21,70.8,6.6,40.4,50.1,49.8,Yes,Medium,No,5.8,4.2,88.8,92.6,36.6,64.3,Average
STU_2026245,Female,19,74.1,8.0,52.7,38.5,81.5,No,Medium,No,7.9,5.1,49.9,47.4,52.3,61.0,Average
STU_2026246,Male,18,51.0,6.2,79.8,47.3,80.5,Yes,High,Yes,8.5,7.1,40.3,36.4,99.5,65.5,Average
STU_2026247,Female,24,63.0,2.3,64.7,37.5,98.8,Yes,Medium,Yes,6.0,7.1,42.6,82.5,77.5,56.7,Average
STU_2026248,Female,25,88.0,8.3,64.1,60.5,99.1,No,High,Yes,4.7,4.2,54.6,42.3,81.1,66.4,Average
STU_2026249,Female,18,56.9,6.7,93.1,87.2,81.2,Yes,Medium,Yes,9.2,1.1,46.9,56.0,44.9,71.7,Good
STU_2026250,Male,22,76.8,4.5,93.7,57.2,54.6,Yes,High,No,6.2,4.0,72.0,32.0,35.5,69.0,Average
STU_2026251,Male,20,60.8,7.1,94.6,63.9,87.9,Yes,Medium,Yes,5.0,5.2,91.5,39.6,49.4,73.4,Good
STU_2026252,Female,20,50.6,3.3,58.8,78.9,46.4,Yes,High,Yes,7.0,4.9,84.2,42.1,47.4,64.1,Average
STU_2026253,Male,19,,4.1,81.5,68.1,86.8,Yes,Medium,Yes,8.3,5.6,52.9,33.8,46.4,64.8,Average
STU_2026254,Male,25,98.8,9.3,56.3,91.0,94.6,Yes,High,No,5.6,2.1,64.0,76.0,43.5,84.4,Good
STU_2026255,Female,21,90.1,3.6,51.4,91.3,63.0,Yes,Medium,No,5.8,5.5,70.5,88.6,70.2,66.7,Average
STU_2026256,Female,24,98.0,5.2,51.1,35.6,77.8,Yes,High,Yes,5.7,2.3,88.6,56.1,53.0,64.2,Average
STU_2026257,Female,23,74.4,9.0,60.5,85.6,65.8,Yes,Low,Yes,9.5,6.3,90.3,91.2,87.4,67.2,Average
STU_2026258,Female,25,,7.4,65.8,64.9,66.3,No,Low,Yes,5.5,3.4,94.6,44.9,42.9,55.5,Average
STU_2026259,Male,20,,1.6,89.9,99.3,58.6,Yes,High,No,7.4,6.0,70.6,52.8,62.5,76.2,Good
STU_2026260,Female,22,72.7,2.3,47.2,66.4,85.7,Yes,Medium,Yes,9.1,1.3,81.7,40.6,31.0,59.9,Average
STU_2026261,Female,25,92.2,1.1,84.1,99.1,96.2,Yes,High,No,5.2,3.9,46.7,73.4,63.7,88.0,Excellent
STU_2026262,Male,19,54.9,6.7,71.9,84.0,96.4,Yes,High,No,9.4,5.9,73.9,59.4,33.9,67.4,Average
STU_2026263,Female,19,74.4,5.0,57.3,51.2,50.5,Yes,Medium,No,9.2,2.6,54.9,72.9,98.4,54.4,Average
STU_2026264,Female,23,57.5,2.2,69.6,70.0,92.5,Yes,Medium,Yes,8.9,6.6,65.9,83.3,85.3,69.3,Average
STU_2026265,Female,22,66.2,9.6,58.0,99.5,84.2,No,Medium,No,5.6,5.4,78.0,68.2,64.3,75.3,Good
STU_2026266,Female,21,86.9,5.8,75.8,90.7,55.2,No,High,No,7.7,5.1,55.4,73.9,36.1,68.4,Average
STU_2026267,Female,25,73.8,3.2,66.0,41.3,44.0,Yes,High,Yes,8.3,3.5,43.1,95.5,71.5,56.2,Average
STU_2026268,Male,22,68.8,5.5,49.9,80.9,56.1,No,High,No,9.4,4.4,40.6,50.9,83.1,55.1,Average
STU_2026269,Male,21,69.7,7.1,47.0,57.5,94.7,Yes,Medium,Yes,5.4,5.2,41.3,55.1,43.4,61.4,Average
STU_2026270,Female,22,73.0,1.7,72.8,35.5,78.0,Yes,Medium,Yes,8.3,4.3,40.5,80.2,69.8,68.1,Average
STU_2026271,Female,22,89.3,3.5,94.1,61.2,83.3,No,Medium,Yes,6.2,5.9,46.6,72.8,87.0,65.0,Average
STU_2026272,Female,18,94.6,8.3,60.6,50.3,55.4,Yes,High,No,5.4,4.0,54.4,42.5,83.8,64.9,Average
STU_2026273,Female,19,97.8,5.1,84.0,88.2,83.2,Yes,High,No,6.6,2.4,53.3,56.3,86.2,80.4,Good
STU_2026274,Female,25,89.3,5.9,79.5,56.9,41.7,Yes,High,No,8.5,2.5,99.2,62.7,91.6,77.3,Good
STU_2026275,Female,22,65.8,4.9,95.9,88.8,62.5,Yes,High,Yes,6.8,1.0,58.4,59.4,95.6,66.7,Average
STU_2026276,Female,25,84.4,1.4,89.3,35.0,77.6,Yes,High,No,7.2,3.1,47.6,42.5,58.4,61.7,Average
STU_2026277,Female,23,71.9,2.5,74.0,55.0,48.8,Yes,Medium,Yes,9.5,6.2,72.7,94.7,69.8,64.5,Average
STU_2026278,Female,22,62.7,5.0,79.4,50.7,89.4,No,Low,No,6.5,6.6,91.5,83.4,85.3,61.7,Average
STU_2026279,Female,20,92.0,2.9,93.9,50.2,54.1,Yes,Medium,Yes,7.6,2.4,80.7,63.7,78.8,76.6,Good
STU_2026280,Female,19,51.9,1.4,64.0,39.4,79.1,Yes,Medium,Yes,6.3,7.7,57.8,77.6,99.7,61.3,Average
STU_2026281,Male,20,95.1,8.6,59.6,47.2,64.3,Yes,High,No,6.5,4.5,73.7,92.8,31.0,65.0,Average
STU_2026282,Male,25,73.1,9.8,40.6,71.1,75.8,Yes,Low,Yes,8.0,7.4,82.9,39.5,54.9,64.6,Average
STU_2026283,Male,25,81.9,8.1,89.6,53.9,46.4,Yes,High,No,9.2,5.9,83.7,47.5,49.7,60.1,Average
STU_2026284,Female,19,83.0,8.7,88.1,62.1,41.0,Yes,Low,No,7.2,6.1,80.0,68.0,48.4,62.6,Average
STU_2026285,Male,25,94.8,3.2,46.3,59.5,94.6,No,Medium,No,8.3,1.6,92.2,85.9,45.6,67.5,Average
STU_2026286,Male,20,81.8,9.6,74.6,91.9,56.2,No,High,No,4.9,2.5,92.2,32.5,79.6,76.0,Good
STU_2026287,Female,22,80.7,2.8,67.8,93.8,89.2,Yes,Low,No,5.6,1.1,74.7,98.9,35.9,70.7,Good
STU_2026288,Male,22,53.3,9.6,47.1,67.0,100.0,No,High,Yes,7.0,6.0,65.8,61.8,81.9,73.5,Good
STU_2026289,Female,18,75.9,10.0,98.8,56.5,52.7,Yes,Medium,No,4.6,3.4,78.5,55.1,78.5,71.8,Good
STU_2026290,Male,23,57.5,7.4,52.9,41.9,55.9,Yes,Medium,No,5.8,6.5,89.1,50.5,47.6,48.1,Poor
STU_2026291,Male,25,86.9,9.8,44.0,97.0,79.8,Yes,High,Yes,7.1,3.4,40.3,42.2,47.7,82.0,Good
STU_2026292,Female,20,75.6,6.1,75.7,38.9,97.9,Yes,Medium,Yes,4.6,6.7,99.5,85.4,74.0,73.7,Good
STU_2026293,Male,25,84.0,3.3,84.3,54.3,94.9,Yes,Medium,No,5.8,1.9,51.0,96.9,83.4,74.0,Good
STU_2026294,Male,25,52.1,4.9,41.9,54.4,70.2,Yes,Medium,No,7.1,2.2,68.2,59.0,91.4,60.0,Average
STU_2026295,Female,21,54.2,6.3,79.5,55.8,87.7,Yes,High,No,7.4,3.4,92.3,96.7,89.6,83.9,Good
STU_2026296,Female,18,85.8,1.7,71.9,45.7,48.1,No,Low,Yes,9.1,3.9,53.5,87.7,97.5,55.7,Average
STU_2026297,Male,20,53.6,6.6,46.2,85.9,98.6,Yes,High,No,7.7,3.4,68.6,63.7,70.7,79.2,Good
STU_2026298,Female,20,53.6,9.8,50.4,43.0,97.9,Yes,High,Yes,6.6,6.3,48.0,77.2,93.6,71.1,Good
STU_2026299,Male,25,50.6,2.7,74.1,76.3,49.8,Yes,High,No,9.2,1.7,63.7,60.4,86.6,64.8,Average
STU_2026300,Male,18,97.8,8.1,57.8,43.0,58.0,Yes,High,No,8.4,3.5,50.6,69.1,92.6,69.1,Average
STU_2026301,Female,22,86.9,9.2,96.3,39.6,46.0,Yes,High,Yes,5.5,6.9,61.8,34.1,30.8,58.9,Average
STU_2026302,Female,20,67.7,9.5,89.1,94.1,56.3,Yes,Low,No,5.2,1.5,62.4,78.7,97.6,76.7,Good
STU_2026303,Female,22,64.8,9.6,99.0,47.4,89.0,Yes,High,No,7.9,7.6,99.6,33.7,63.1,71.6,Good
STU_2026304,Female,18,67.5,5.7,55.6,88.4,62.7,Yes,High,No,7.3,7.9,99.7,87.2,85.9,80.3,Good
STU_2026305,Female,22,88.7,9.8,98.2,70.4,45.3,Yes,High,No,8.4,1.6,46.9,87.7,38.9,72.0,Good
STU_2026306,Female,19,83.1,7.8,65.9,40.1,60.5,Yes,Medium,No,8.2,3.0,83.6,46.6,57.7,61.6,Average
STU_2026307,Male,21,59.3,2.5,60.9,97.1,98.9,Yes,Low,No,7.6,3.6,43.1,52.7,49.0,78.0,Good
STU_2026308,Female,24,58.7,5.3,43.0,51.1,77.8,Yes,High,Yes,9.4,6.4,41.8,63.7,50.4,54.2,Average
STU_2026309,Male,20,54.9,7.5,43.2,90.9,65.0,Yes,High,Yes,7.2,5.2,46.3,71.8,38.6,67.7,Average
STU_2026310,Male,23,83.0,3.2,81.5,46.0,50.0,Yes,High,Yes,5.1,5.5,97.9,50.1,86.4,61.9,Average
STU_2026311,Male,21,88.2,6.8,67.5,90.5,99.2,Yes,High,No,8.6,6.3,96.5,71.5,30.6,78.2,Good
STU_2026312,Male,24,63.3,7.0,53.6,35.9,89.3,Yes,High,No,5.8,1.8,51.6,50.8,51.9,63.9,Average
STU_2026313,Female,22,51.0,2.5,76.8,68.3,56.9,Yes,Medium,Yes,8.4,6.8,49.7,33.9,42.2,55.9,Average
STU_2026314,Female,20,54.1,6.1,55.2,85.0,44.2,Yes,High,No,9.3,5.9,54.4,30.2,71.2,59.6,Average
STU_2026315,Female,22,98.4,7.9,74.7,95.8,43.4,Yes,Medium,No,8.0,5.0,70.9,37.1,47.8,79.2,Good
STU_2026316,Male,19,64.8,5.5,61.6,94.1,47.2,Yes,High,No,7.5,7.2,74.2,85.5,48.1,70.7,Good
STU_2026317,Male,18,88.5,1.1,89.4,88.3,74.8,No,Low,No,6.8,5.9,53.3,97.3,64.2,67.5,Average
STU_2026318,Male,20,81.2,1.1,89.2,92.7,95.7,No,Low,No,6.3,2.4,85.4,59.9,75.7,72.1,Good
STU_2026319,Male,24,69.1,4.2,68.6,47.9,69.8,Yes,Medium,Yes,6.3,4.0,58.6,65.9,38.5,68.3,Average
STU_2026320,Female,24,60.3,9.3,61.0,53.5,90.6,Yes,High,Yes,7.7,4.5,95.3,40.3,42.3,79.5,Good
STU_2026321,Female,19,56.1,3.1,61.8,53.8,66.8,Yes,High,No,8.3,1.4,79.4,68.6,47.3,65.9,Average
STU_2026322,Female,19,80.8,6.7,88.3,59.5,82.5,No,Medium,Yes,7.9,7.7,66.2,40.1,98.2,66.7,Average
STU_2026323,Male,25,88.7,3.0,59.7,60.6,83.9,No,Medium,Yes,5.5,1.9,87.4,72.8,57.8,66.7,Average
STU_2026324,Female,20,82.2,3.9,52.5,70.4,50.4,Yes,Medium,No,7.0,5.9,89.1,95.3,71.9,62.8,Average
STU_2026325,Female,22,76.5,8.6,45.1,45.4,61.7,Yes,Low,Yes,8.5,4.5,57.4,43.7,46.9,63.3,Average
STU_2026326,Female,23,52.1,7.6,68.0,79.9,78.2,Yes,Low,No,6.9,1.2,60.4,83.5,64.3,64.5,Average
STU_2026327,Female,24,98.4,1.9,68.9,45.9,44.2,Yes,High,Yes,7.2,7.5,96.2,31.6,35.2,61.0,Average
STU_2026328,Male,24,89.9,4.9,90.5,55.2,61.7,Yes,Medium,No,8.4,7.0,49.9,56.3,32.4,62.6,Average
STU_2026329,Male,19,64.6,1.3,53.3,67.7,72.1,Yes,High,Yes,7.8,4.7,42.5,37.8,62.8,62.6,Average
STU_2026330,Male,21,99.0,5.3,62.9,86.8,99.8,No,High,Yes,6.5,2.6,67.2,54.7,57.9,76.6,Good
STU_2026331,Female,19,80.1,7.0,88.5,83.1,68.5,Yes,Medium,No,9.0,1.9,88.1,42.1,39.6,74.8,Good
STU_2026332,Male,23,79.1,2.1,89.4,77.0,89.0,Yes,High,No,5.3,3.5,86.3,56.1,78.1,82.3,Good
STU_2026333,Male,22,87.4,3.6,63.1,45.1,65.9,No,Low,No,9.5,2.8,95.2,59.2,99.5,60.3,Average
STU_2026334,Male,22,90.6,4.6,67.5,70.6,87.8,No,High,No,5.1,4.5,72.0,51.0,57.7,71.1,Good
STU_2026335,Male,21,82.8,9.3,58.2,40.7,75.7,Yes,Medium,Yes,4.6,7.8,46.0,76.0,73.7,48.2,Poor
STU_2026336,Female,24,56.4,9.9,96.0,59.5,93.2,Yes,Medium,No,9.0,5.0,75.3,94.3,97.4,81.1,Good
STU_2026337,Female,19,66.9,1.4,47.1,61.9,64.7,Yes,Medium,No,5.7,7.2,86.7,58.0,88.2,52.9,Average
STU_2026338,Male,25,96.4,7.8,96.0,37.6,76.3,Yes,High,No,8.1,5.6,45.6,43.5,62.4,68.1,Average
STU_2026339,Male,22,61.2,4.3,81.0,52.8,77.8,No,Low,Yes,8.6,4.3,50.4,49.0,81.6,61.7,Average
STU_2026340,Female,23,68.6,4.5,71.9,97.1,65.0,No,Medium,No,8.8,7.0,40.7,89.8,39.0,60.2,Average
STU_2026341,Male,20,71.6,7.8,42.0,97.0,48.7,Yes,Medium,No,9.5,4.3,75.6,70.0,65.8,68.1,Average
STU_2026342,Male,18,72.0,9.3,68.5,57.9,45.6,Yes,High,Yes,6.0,7.1,93.2,61.9,49.5,62.8,Average
STU_2026343,Male,18,80.6,9.6,64.5,37.8,41.0,Yes,Medium,No,8.1,3.0,80.2,40.5,41.3,63.4,Average
STU_2026344,Male,18,97.2,6.2,49.7,46.6,92.4,No,Medium,Yes,5.1,1.9,98.9,61.5,59.8,67.6,Average
STU_2026345,Female,25,62.0,4.2,79.4,60.5,54.2,Yes,Medium,No,6.5,7.0,43.8,49.5,39.2,59.4,Average
STU_2026346,Female,24,56.1,8.1,98.3,96.6,52.7,Yes,Medium,No,8.7,5.1,94.2,96.0,78.9,84.1,Good
STU_2026347,Male,19,59.9,3.3,73.7,44.2,84.2,Yes,Medium,No,6.3,7.2,88.8,91.9,61.9,65.6,Average
STU_2026348,Male,21,94.3,6.1,82.9,84.6,59.2,Yes,High,No,7.5,7.6,58.9,35.9,67.2,72.8,Good
STU_2026349,Female,25,82.3,4.2,44.1,42.1,70.4,Yes,High,Yes,7.0,1.4,98.4,66.2,40.2,70.5,Good
STU_2026350,Female,25,64.3,6.9,65.1,98.8,49.8,Yes,High,No,7.7,4.5,57.3,45.8,39.8,66.3,Average
STU_2026351,Female,22,90.8,3.2,47.0,59.8,97.6,No,Medium,No,9.4,3.6,93.4,58.8,70.8,67.6,Average
STU_2026352,Female,20,93.1,2.7,76.8,85.4,91.1,No,Medium,Yes,4.8,5.4,92.8,91.4,99.0,81.2,Good
STU_2026353,Male,25,92.3,9.3,96.3,57.3,91.8,Yes,High,No,7.4,6.6,85.5,66.9,36.7,83.8,Good
STU_2026354,Male,23,95.9,1.9,79.7,75.8,64.4,Yes,Medium,No,8.8,3.0,73.8,53.4,50.0,67.8,Average
STU_2026355,Female,20,62.6,5.6,44.6,47.5,85.7,Yes,Medium,Yes,6.9,4.9,47.2,44.6,90.9,54.6,Average
STU_2026356,Male,23,87.8,3.0,61.3,44.5,48.6,Yes,Medium,Yes,4.9,6.0,71.9,86.0,35.1,54.6,Average
STU_2026357,Female,24,73.0,1.4,73.0,96.0,40.5,Yes,High,Yes,7.3,1.9,61.4,73.7,91.3,70.4,Good
STU_2026358,Female,19,92.1,1.3,64.2,94.6,41.2,No,High,No,6.2,6.7,87.5,62.8,66.7,57.9,Average
STU_2026359,Female,18,86.4,2.6,90.0,92.7,75.2,Yes,High,No,5.3,5.2,85.5,45.2,58.6,82.1,Good
STU_2026360,Male,25,88.8,8.8,88.9,75.7,67.3,Yes,High,No,8.7,7.6,94.6,53.4,51.7,78.3,Good
STU_2026361,Female,19,82.8,3.5,76.7,87.5,71.1,No,High,No,7.1,3.4,40.9,97.2,50.8,75.1,Good
STU_2026362,Male,24,58.9,9.6,62.4,39.5,40.4,No,High,No,9.2,1.8,88.5,66.4,51.4,60.4,Average
STU_2026363,Female,21,77.3,6.2,55.3,56.8,65.4,Yes,Medium,No,8.5,4.5,96.3,58.0,91.9,64.6,Average
STU_2026364,Female,21,99.2,4.9,46.4,55.4,83.1,Yes,High,Yes,8.0,1.6,87.4,66.5,80.7,70.5,Good
STU_2026365,Male,24,96.9,6.2,61.3,76.3,66.6,Yes,Low,No,4.5,7.8,47.8,84.5,76.9,62.4,Average
STU_2026366,Female,23,52.2,5.7,64.8,58.1,83.9,Yes,High,No,6.6,1.3,44.9,53.8,85.9,62.8,Average
STU_2026367,Female,22,58.2,7.8,80.5,44.7,54.0,Yes,High,No,5.5,6.3,41.3,42.5,48.0,49.9,Poor
STU_2026368,Male,22,56.6,3.5,79.5,73.8,88.8,Yes,High,No,9.1,4.7,77.7,70.9,73.3,75.7,Good
STU_2026369,Male,23,86.3,4.2,44.2,87.9,75.3,No,High,No,5.4,3.6,77.8,76.6,62.2,68.4,Average
STU_2026370,Male,21,90.9,9.0,63.7,59.8,52.6,Yes,Medium,No,5.9,1.5,99.2,79.9,84.8,64.6,Average
STU_2026371,Male,21,60.7,9.5,50.9,43.6,54.2,Yes,High,Yes,7.1,5.4,63.9,91.7,51.6,63.3,Average
STU_2026372,Male,25,75.3,9.0,49.4,47.8,77.7,Yes,Low,No,5.8,5.1,59.9,56.0,75.0,54.6,Average
STU_2026373,Female,21,92.0,4.8,89.6,50.4,89.8,Yes,Low,Yes,5.5,3.0,77.5,35.3,91.8,69.7,Average
STU_2026374,Male,19,86.6,8.0,42.5,54.5,64.9,No,Medium,No,7.5,7.4,89.5,97.1,58.2,62.1,Average
STU_2026375,Male,21,77.1,5.3,65.2,76.8,55.5,Yes,Medium,Yes,4.9,3.1,96.2,60.5,34.7,73.7,Good
STU_2026376,Female,20,79.5,5.5,50.1,74.1,92.0,Yes,Medium,Yes,4.8,4.1,88.2,73.6,66.1,81.2,Good
STU_2026377,Male,25,75.4,2.8,92.8,80.2,80.2,Yes,High,Yes,6.4,4.8,65.6,76.6,54.2,80.0,Good
STU_2026378,Female,18,64.9,6.3,73.4,58.6,66.9,Yes,Medium,No,8.1,1.7,78.1,68.3,77.1,65.7,Average
STU_2026379,Male,21,78.3,2.7,53.9,88.6,69.3,Yes,High,Yes,7.3,7.5,91.4,44.4,96.6,81.0,Good
STU_2026380,Male,23,84.4,4.0,70.1,48.3,52.3,Yes,High,No,6.6,3.6,69.4,82.9,64.0,68.0,Average
STU_2026381,Female,18,93.7,8.7,83.9,65.5,77.6,Yes,Medium,No,7.3,1.6,53.0,86.3,62.6,77.2,Good
STU_2026382,Female,19,81.8,2.9,97.5,87.1,61.5,Yes,Medium,Yes,6.3,3.7,50.2,68.7,75.8,77.3,Good
STU_2026383,Female,23,88.1,1.6,53.2,46.7,99.7,Yes,Low,Yes,9.2,5.2,40.0,64.2,37.2,55.0,Average
STU_2026384,Female,18,58.0,1.6,93.2,42.1,68.8,No,High,No,4.8,4.6,83.1,38.0,47.7,52.2,Average
STU_2026385,Female,23,73.1,9.5,96.1,92.4,69.2,No,Medium,No,7.9,5.9,46.7,35.9,94.3,70.1,Good
STU_2026386,Male,19,50.5,5.6,95.0,57.3,74.0,Yes,High,No,9.0,1.4,54.6,53.8,76.9,73.4,Good
STU_2026387,Male,25,62.3,4.7,78.1,79.5,95.0,Yes,High,No,8.5,3.0,57.9,51.8,30.9,68.1,Average
STU_2026388,Female,20,86.3,8.3,77.8,36.6,88.0,Yes,High,Yes,5.4,6.7,73.6,96.8,44.3,69.5,Average
STU_2026389,Female,19,99.6,8.5,64.2,79.9,67.1,Yes,Medium,Yes,6.0,1.6,63.9,84.9,77.8,75.2,Good
STU_2026390,Female,19,55.0,4.0,85.1,55.5,83.1,Yes,High,Yes,8.1,7.0,80.5,76.2,83.5,72.7,Good
STU_2026391,Male,23,70.1,7.2,71.9,38.6,75.2,No,Medium,No,4.9,1.6,43.3,66.2,88.8,54.5,Average
STU_2026392,Male,25,90.0,7.9,80.6,74.6,69.5,No,Medium,No,8.6,6.8,47.4,41.7,50.5,61.5,Average
STU_2026393,Female,24,60.2,6.9,65.7,50.7,51.5,Yes,Medium,No,8.1,3.5,70.0,98.5,95.2,64.9,Average
STU_2026394,Male,22,77.8,2.4,83.9,60.1,67.8,Yes,Medium,Yes,8.1,5.3,60.2,56.3,68.7,63.9,Average
STU_2026395,Female,21,86.7,8.9,89.5,40.2,54.7,No,Medium,Yes,5.0,2.1,57.7,37.5,78.8,58.4,Average
STU_2026396,Female,21,80.8,5.9,48.8,44.6,94.9,Yes,Medium,Yes,8.1,1.5,44.0,64.6,71.8,69.5,Average
STU_2026397,Male,20,59.4,3.5,90.0,54.4,60.1,Yes,Medium,No,7.9,2.5,93.7,91.2,38.6,74.8,Good
STU_2026398,Female,20,67.8,4.8,72.4,40.8,97.1,Yes,High,Yes,8.7,1.9,81.5,92.1,97.4,71.3,Good
STU_2026399,Female,21,89.2,1.3,90.7,94.2,72.0,Yes,Low,No,4.7,3.2,47.3,30.8,38.6,61.8,Average
STU_2026400,Male,22,77.7,2.2,65.9,35.4,77.9,Yes,Medium,No,4.6,4.6,43.9,92.0,47.8,55.4,Average
STU_2026401,Female,21,50.3,7.9,62.7,66.5,72.6,Yes,High,No,6.4,5.1,98.5,49.0,87.0,78.0,Good
STU_2026402,Female,24,88.0,1.0,94.9,43.0,47.8,Yes,High,No,5.2,6.5,80.9,32.7,73.3,59.7,Average
STU_2026403,Female,22,51.8,4.7,55.1,55.0,62.5,Yes,Medium,No,7.3,5.6,65.0,89.3,88.7,64.4,Average
STU_2026404,Male,20,87.3,5.7,90.7,95.2,45.9,Yes,High,No,9.1,5.3,82.1,90.5,66.1,82.9,Good
STU_2026405,Female,18,60.1,1.5,69.0,45.5,77.4,Yes,Low,No,6.5,3.9,85.4,71.7,56.4,61.1,Average
STU_2026406,Male,23,97.9,9.8,70.8,97.8,66.8,Yes,High,No,8.7,4.3,86.8,70.2,94.5,85.5,Excellent
STU_2026407,Male,24,68.4,3.0,58.5,48.4,86.7,Yes,Medium,No,4.5,3.9,68.7,86.9,32.5,65.2,Average
STU_2026408,Female,24,66.3,3.7,74.4,83.2,53.2,No,High,No,5.3,6.9,65.8,85.0,89.9,62.8,Average
STU_2026409,Male,25,57.4,3.7,59.5,70.5,49.9,Yes,Medium,No,4.7,2.6,40.7,92.3,46.2,52.7,Average
STU_2026410,Male,20,65.3,3.1,42.4,92.5,64.4,Yes,Low,No,6.1,1.0,95.6,68.7,89.4,71.2,Good
STU_2026411,Female,20,93.8,1.0,56.3,71.0,95.6,No,Medium,No,9.0,5.6,76.2,97.7,39.7,70.7,Good
STU_2026412,Female,19,99.8,7.6,40.4,69.7,82.6,Yes,Medium,No,5.0,2.4,52.2,99.7,70.6,65.8,Average
STU_2026413,Female,24,68.4,9.7,98.7,47.7,65.1,Yes,High,Yes,7.5,7.2,95.2,38.2,92.2,77.8,Good
STU_2026414,Female,19,72.4,3.0,97.9,45.8,71.0,Yes,High,Yes,6.8,7.0,94.9,89.5,63.1,76.5,Good
STU_2026415,Male,19,86.1,7.0,63.7,94.6,,Yes,High,No,9.2,1.5,99.4,65.0,82.3,77.3,Good
STU_2026416,Male,23,94.3,7.7,83.7,56.3,99.1,Yes,Medium,No,5.1,1.7,92.4,57.1,86.3,76.2,Good
STU_2026417,Male,19,79.7,8.6,60.7,59.2,80.0,No,High,No,5.6,4.5,99.9,72.9,81.6,73.2,Good
STU_2026418,Female,22,69.6,4.8,80.3,84.4,57.1,Yes,High,No,4.6,5.3,54.7,33.9,94.8,66.6,Average
STU_2026419,Female,21,70.6,3.7,88.3,57.0,75.1,Yes,Medium,No,6.7,2.9,90.5,65.5,61.3,68.3,Average
STU_2026420,Female,18,84.8,3.9,96.8,96.9,46.6,No,Medium,No,5.9,6.0,89.4,91.0,42.1,73.2,Good
STU_2026421,Female,20,50.2,7.4,64.0,83.0,98.0,Yes,Medium,Yes,8.8,5.2,53.9,44.9,33.3,65.8,Average
STU_2026422,Male,22,81.0,8.4,87.0,73.8,50.5,Yes,High,No,7.5,3.3,45.9,59.8,47.3,66.3,Average
STU_2026423,Female,18,67.8,2.6,56.0,92.3,78.9,Yes,High,No,7.6,1.2,98.8,95.8,40.0,83.2,Good
STU_2026424,Male,24,89.7,4.3,99.4,38.2,54.7,Yes,Low,Yes,7.2,6.3,57.8,60.0,69.1,58.9,Average
STU_2026425,Female,24,54.6,9.1,41.5,51.7,83.1,Yes,High,No,5.0,2.5,92.3,55.1,42.9,67.7,Average
STU_2026426,Male,24,79.4,8.3,76.2,65.2,86.6,Yes,Low,No,6.7,6.8,40.2,60.8,32.7,67.9,Average
STU_2026427,Female,22,74.0,9.9,79.6,49.8,80.4,Yes,Low,Yes,9.5,3.9,41.3,66.4,32.5,62.2,Average
STU_2026428,Male,22,82.1,7.8,81.3,83.4,76.9,Yes,Medium,Yes,8.7,5.0,68.0,74.2,88.2,81.1,Good
STU_2026429,Male,20,53.2,4.5,47.2,94.7,93.5,Yes,High,No,9.0,7.1,54.3,86.0,71.4,68.9,Average
STU_2026430,Male,21,79.0,,96.3,62.5,44.7,Yes,Medium,No,8.6,7.0,81.4,61.6,55.1,66.9,Average
STU_2026431,Female,25,78.1,6.9,50.9,57.2,59.9,Yes,Medium,Yes,5.0,3.6,73.9,87.2,92.6,64.0,Average
STU_2026432,Female,19,78.0,,77.4,97.5,54.9,Yes,Medium,Yes,5.6,2.5,44.6,67.4,34.9,67.7,Average
STU_2026433,Male,24,80.2,5.9,53.4,63.9,99.3,Yes,High,No,4.5,6.4,49.8,53.7,98.6,66.8,Average
STU_2026434,Male,23,83.8,7.4,58.4,66.8,63.4,No,High,No,6.0,4.0,63.3,76.1,73.1,68.6,Average
STU_2026435,Female,21,90.2,2.5,72.8,57.9,84.0,Yes,High,No,5.0,2.3,51.1,80.2,42.8,62.7,Average
STU_2026436,Male,23,63.5,8.0,65.0,94.1,81.1,Yes,Medium,Yes,6.9,7.3,87.5,69.1,77.5,70.0,Good
STU_2026437,Female,20,91.3,6.3,49.6,72.0,52.7,Yes,Medium,No,7.9,2.4,65.0,34.0,83.4,64.7,Average
STU_2026438,Female,20,74.9,9.6,50.3,84.5,54.3,Yes,High,No,8.9,1.2,45.6,41.9,60.1,66.3,Average
STU_2026439,Male,20,53.9,1.4,65.1,87.8,56.9,Yes,Medium,Yes,8.2,1.1,69.1,50.0,90.3,70.7,Good
STU_2026440,Male,18,52.9,3.4,85.4,57.2,64.7,Yes,High,No,9.2,5.4,45.5,49.8,40.6,64.0,Average
STU_2026441,Female,23,66.7,6.4,93.9,63.2,54.1,No,Medium,No,4.8,5.6,47.7,77.1,49.5,59.1,Average
STU_2026442,Male,21,89.2,3.7,45.0,90.2,41.2,Yes,Low,No,4.6,3.2,54.4,31.3,36.5,52.6,Average
STU_2026443,Male,25,85.4,7.4,63.6,58.6,92.8,Yes,High,No,7.8,3.2,91.6,82.9,44.8,72.7,Good
STU_2026444,Female,21,89.4,7.8,46.0,86.6,97.9,Yes,High,Yes,5.9,3.4,95.5,48.6,46.7,80.8,Good
STU_2026445,Female,22,75.9,1.9,41.0,96.2,60.5,Yes,High,No,5.8,5.8,89.6,51.7,94.2,72.2,Good
STU_2026446,Female,22,72.0,,79.7,75.5,60.3,Yes,Medium,No,6.2,1.4,60.0,67.0,35.5,65.2,Average
STU_2026447,Female,24,57.4,5.6,76.1,83.2,40.4,Yes,Medium,No,5.8,7.5,56.3,45.1,59.9,58.7,Average
STU_2026448,Male,25,66.4,4.3,49.8,87.3,80.8,No,Low,Yes,7.1,2.6,72.9,91.9,67.3,73.2,Good
STU_2026449,Male,22,71.7,9.4,54.0,89.9,89.5,Yes,High,No,6.7,8.0,83.3,36.0,92.9,73.2,Good
STU_2026450,Female,20,54.4,8.4,41.4,60.7,48.8,Yes,Low,Yes,7.1,2.2,99.6,61.1,99.8,67.5,Average
STU_2026451,Female,21,61.0,7.3,90.1,38.3,49.6,Yes,High,No,7.9,6.4,47.9,89.5,82.7,67.5,Average
STU_2026452,Male,23,79.9,7.4,98.5,61.1,87.4,Yes,Medium,Yes,6.4,2.6,43.0,73.1,98.0,73.7,Good
STU_2026453,Female,20,86.8,5.2,48.1,78.8,77.0,Yes,High,No,5.8,1.6,81.7,50.5,85.1,68.7,Average
STU_2026454,Male,18,99.9,9.3,53.9,64.3,42.7,Yes,Low,Yes,5.3,7.1,89.9,59.5,97.4,61.7,Average
STU_2026455,Female,22,96.7,7.3,92.1,83.7,77.4,Yes,Medium,Yes,6.2,7.0,90.8,79.5,79.5,74.2,Good
STU_2026456,Male,20,82.1,7.6,95.6,58.2,58.5,Yes,Medium,No,8.2,3.8,80.7,98.1,35.6,76.9,Good
STU_2026457,Male,20,71.1,8.8,65.2,76.3,62.1,Yes,Medium,No,8.3,5.9,97.2,92.5,58.1,77.9,Good
STU_2026458,Male,18,81.8,3.5,43.0,47.1,86.2,Yes,High,No,7.8,4.9,70.7,54.0,75.3,72.6,Good
STU_2026459,Male,19,89.3,8.3,42.4,83.7,88.7,No,High,No,5.7,7.0,94.8,99.9,54.6,74.9,Good
STU_2026460,Male,21,55.9,2.8,74.4,70.5,64.0,Yes,Low,Yes,7.4,3.2,98.1,30.2,49.1,69.2,Average
STU_2026461,Female,23,70.5,4.1,63.6,48.3,96.8,Yes,High,No,7.4,4.7,90.8,31.9,70.4,69.8,Average
STU_2026462,Female,24,92.0,4.0,41.7,54.0,64.4,No,High,No,6.9,4.4,58.6,87.7,95.3,57.8,Average
STU_2026463,Female,19,69.2,9.8,75.0,83.7,86.3,Yes,Medium,Yes,7.2,3.5,51.8,44.0,32.4,71.9,Good
STU_2026464,Female,22,78.6,8.7,40.7,66.4,69.0,Yes,Medium,No,7.0,7.2,72.9,34.3,83.8,60.1,Average
STU_2026465,Male,20,79.4,7.3,87.2,49.0,93.9,Yes,High,No,7.3,2.2,67.2,46.6,80.6,75.5,Good
STU_2026466,Male,25,59.2,7.5,58.4,97.9,94.5,Yes,High,No,8.1,2.0,92.7,59.8,97.5,89.9,Excellent
STU_2026467,Female,18,68.1,6.1,42.4,81.5,45.2,Yes,High,No,5.0,5.0,46.0,81.1,95.1,60.7,Average
STU_2026468,Male,18,66.7,9.5,75.3,97.2,96.2,Yes,Medium,No,8.2,5.6,55.5,73.7,83.4,83.6,Good
STU_2026469,Female,25,51.3,5.5,63.9,62.8,89.5,Yes,Low,Yes,5.2,2.4,85.1,46.6,66.4,65.5,Average
STU_2026470,Male,21,51.2,4.4,98.4,65.9,87.5,Yes,Low,Yes,4.8,3.7,45.7,65.2,44.3,65.2,Average
STU_2026471,Female,19,91.6,2.5,72.7,93.4,52.1,Yes,Medium,No,9.4,7.6,59.2,94.8,68.2,68.5,Average
STU_2026472,Male,24,63.7,8.1,56.5,69.1,88.3,Yes,High,Yes,9.3,2.7,63.2,87.1,83.6,75.2,Good
STU_2026473,Female,21,75.9,7.6,82.6,81.0,91.0,Yes,Low,Yes,4.8,5.7,77.4,52.6,92.7,77.4,Good
STU_2026474,Female,25,64.9,4.5,56.3,51.4,57.3,Yes,Medium,No,6.7,6.2,49.5,98.8,85.3,54.8,Average
STU_2026475,Female,20,97.0,1.2,94.3,64.0,97.1,Yes,High,No,5.4,4.1,91.6,79.6,43.7,79.2,Good
STU_2026476,Male,25,63.0,8.6,62.5,43.0,43.0,Yes,Low,Yes,6.9,7.6,66.9,34.4,72.0,47.8,Poor
STU_2026477,Female,21,71.5,1.1,73.0,48.4,49.0,Yes,Medium,No,8.7,6.2,95.0,32.5,53.3,51.5,Average
STU_2026478,Female,23,93.6,7.3,43.0,35.1,72.3,Yes,Medium,No,9.3,4.2,68.1,41.8,30.6,53.6,Average
STU_2026479,Female,18,92.1,9.7,65.6,37.6,74.5,Yes,Medium,Yes,7.7,5.0,56.5,80.9,44.0,74.7,Good
STU_2026480,Female,18,59.3,4.9,89.9,98.5,78.7,Yes,High,No,6.3,5.8,48.5,42.9,37.9,68.5,Average
STU_2026481,Female,22,90.1,3.1,88.3,50.8,41.0,Yes,High,No,7.5,5.1,40.2,65.8,89.0,61.7,Average
STU_2026482,Male,22,72.9,7.3,53.5,78.1,97.6,No,Medium,No,6.1,7.2,71.9,36.5,48.1,63.9,Average
STU_2026483,Female,25,74.1,8.4,53.6,89.5,42.7,Yes,High,No,9.0,3.5,46.4,94.5,49.9,66.3,Average
STU_2026484,Female,24,56.7,5.9,89.0,70.8,48.6,Yes,Medium,Yes,8.9,3.1,63.5,54.1,97.2,65.4,Average
STU_2026485,Female,20,54.0,9.7,95.8,45.0,40.8,Yes,Medium,No,7.3,2.5,75.4,93.6,56.5,68.9,Average
STU_2026486,Male,23,86.4,1.5,45.7,82.3,74.0,Yes,Medium,No,6.1,1.3,56.5,96.1,30.7,60.1,Average
STU_2026487,Male,19,74.8,5.5,67.0,74.0,95.9,Yes,Medium,No,6.0,1.3,50.5,30.4,49.9,71.4,Good
STU_2026488,Female,21,71.8,7.5,60.2,82.5,80.0,Yes,Medium,No,4.7,7.1,86.5,62.5,38.4,73.4,Good
STU_2026489,Female,24,86.5,8.8,92.2,85.0,89.4,Yes,Medium,No,8.6,5.7,96.8,31.7,37.2,75.0,Good
STU_2026490,Male,20,88.3,2.6,45.0,98.4,40.8,No,Medium,Yes,6.8,5.6,46.0,93.6,35.4,49.1,Poor
STU_2026491,Female,22,57.9,8.2,52.7,72.3,72.5,Yes,High,Yes,6.1,5.3,49.3,66.3,71.5,64.1,Average
STU_2026492,Male,25,80.5,6.0,85.1,57.2,67.6,Yes,High,Yes,6.9,6.9,97.6,35.2,43.3,67.6,Average
STU_2026493,Male,21,56.8,4.6,43.1,77.2,69.9,Yes,High,No,8.6,4.4,42.3,37.7,55.3,68.6,Average
STU_2026494,Male,22,87.6,2.2,69.6,39.4,44.3,No,High,Yes,5.1,7.1,98.7,56.8,90.3,57.5,Average
STU_2026495,Male,25,82.8,8.8,66.5,93.3,81.1,Yes,High,No,8.8,3.5,40.3,95.8,59.7,71.9,Good
STU_2026496,Female,21,97.8,2.4,60.1,42.8,70.2,Yes,High,Yes,9.0,7.5,92.4,78.5,94.1,63.0,Average
STU_2026497,Male,19,53.4,3.8,63.7,56.3,85.9,No,Medium,No,9.2,5.9,58.4,90.7,64.9,58.3,Average
STU_2026498,Female,20,52.9,3.6,71.8,88.0,69.1,Yes,Low,Yes,6.5,2.8,96.3,55.7,57.9,72.1,Good
STU_2026499,Female,21,64.1,8.8,49.7,73.8,49.0,Yes,High,No,5.6,4.9,59.0,33.0,82.5,57.2,Average
STU_2026500,Female,23,63.1,7.1,74.3,60.6,78.9,Yes,Medium,No,6.4,4.7,79.3,98.2,35.1,70.9,Good
STU_2026501,Female,24,62.3,8.2,88.3,65.8,50.3,Yes,Medium,No,6.2,2.0,44.8,31.2,36.3,56.7,Average
STU_2026502,Male,18,95.3,3.3,85.6,90.5,92.3,Yes,High,No,5.4,5.1,54.5,96.3,75.6,79.1,Good
STU_2026503,Female,23,62.5,6.6,49.2,57.1,76.8,Yes,Low,No,7.5,3.2,86.4,55.8,64.1,66.8,Average
STU_2026504,Female,23,63.6,,49.0,91.5,49.4,Yes,Medium,No,6.9,1.4,71.7,30.7,85.3,67.1,Average
STU_2026505,Male,24,88.0,8.5,56.1,40.7,97.7,Yes,High,Yes,8.8,7.6,95.7,78.2,94.1,76.2,Good
STU_2026506,Female,18,72.5,9.2,61.7,85.5,71.1,Yes,Medium,Yes,4.7,5.5,65.7,98.6,57.2,78.0,Good
STU_2026507,Female,23,88.8,1.1,64.5,90.1,44.4,Yes,High,No,7.7,7.1,92.2,97.6,71.7,73.2,Good
STU_2026508,Female,21,53.3,7.1,80.8,46.8,77.6,Yes,Medium,No,8.3,5.7,66.9,41.3,65.0,66.3,Average
STU_2026509,Female,21,74.4,1.5,43.4,63.0,55.2,Yes,High,No,8.3,3.5,98.8,42.7,98.7,68.1,Average
STU_2026510,Female,21,51.7,5.9,42.1,45.8,88.2,Yes,Medium,Yes,8.9,4.6,97.6,69.6,88.2,67.3,Average
STU_2026511,Male,18,53.1,3.6,63.5,80.9,89.1,Yes,Medium,No,8.1,5.7,59.7,74.6,93.8,70.5,Good
STU_2026512,Female,23,95.3,3.8,81.8,69.8,98.7,Yes,Medium,Yes,9.1,7.7,93.2,81.8,47.8,76.6,Good
STU_2026513,Female,25,57.0,4.2,51.6,76.3,70.1,Yes,High,Yes,6.2,2.8,90.9,42.7,84.1,70.5,Good
STU_2026514,Male,18,76.6,6.6,78.5,47.8,67.3,Yes,Medium,Yes,7.0,7.1,52.6,97.1,48.6,74.1,Good
STU_2026515,Male,21,70.6,4.0,55.6,48.8,85.2,No,Medium,Yes,4.6,7.5,77.5,74.7,44.6,59.3,Average
STU_2026516,Male,24,67.4,7.6,93.2,37.7,47.9,Yes,Medium,Yes,4.5,5.7,44.4,89.3,96.1,55.3,Average
STU_2026517,Female,23,95.0,4.6,93.7,55.9,72.8,Yes,Medium,No,5.7,7.5,90.2,67.8,31.4,65.8,Average
STU_2026518,Female,23,51.1,1.6,57.8,71.4,72.8,Yes,Medium,Yes,5.0,3.8,50.5,59.0,97.6,60.6,Average
STU_2026519,Male,22,83.2,8.1,53.8,90.8,45.4,Yes,Low,No,5.8,7.7,44.2,98.4,40.4,67.7,Average
STU_2026520,Female,22,98.2,3.6,64.7,78.4,65.1,Yes,Medium,Yes,5.4,5.9,64.0,70.7,87.4,66.2,Average
STU_2026521,Male,19,78.0,4.9,54.4,63.3,91.2,Yes,Medium,No,4.6,1.3,74.6,90.7,49.3,73.7,Good
STU_2026522,Female,25,96.8,7.2,80.3,97.0,91.4,No,Medium,No,9.0,7.3,91.3,96.7,54.5,80.9,Good
STU_2026523,Female,25,52.6,4.0,89.6,81.8,46.0,Yes,Medium,Yes,4.5,4.4,98.5,77.3,45.2,73.3,Good
STU_2026524,Female,20,70.9,1.5,80.4,95.5,45.4,Yes,High,No,8.2,4.2,66.4,68.4,71.0,77.4,Good
STU_2026525,Male,25,63.0,4.4,89.5,69.3,55.8,Yes,Medium,No,5.3,5.0,43.6,30.2,54.4,57.6,Average
STU_2026526,Male,22,86.5,9.5,63.8,51.8,92.5,Yes,Medium,No,9.1,2.0,84.9,32.8,76.0,68.4,Average
STU_2026527,Male,18,99.1,6.8,49.4,38.4,47.7,No,High,Yes,9.0,4.3,73.9,44.1,31.1,58.2,Average
STU_2026528,Male,25,62.8,7.0,84.3,82.2,83.2,Yes,Medium,No,7.8,6.8,66.9,43.0,34.5,77.3,Good
STU_2026529,Female,22,82.7,6.7,61.6,42.9,46.1,Yes,Medium,No,7.9,1.1,58.6,47.8,37.0,59.3,Average
STU_2026530,Female,19,59.9,2.8,80.3,54.7,77.4,Yes,High,Yes,4.5,2.9,70.1,51.3,59.3,69.3,Average
STU_2026531,Female,23,78.3,4.8,56.2,69.6,61.4,Yes,Medium,No,9.4,1.0,60.3,55.2,87.0,64.5,Average
STU_2026532,Female,25,73.2,7.8,44.9,71.7,87.3,Yes,High,No,8.9,3.9,85.4,59.4,92.2,81.7,Good
STU_2026533,Female,19,98.6,1.9,99.6,74.0,54.0,Yes,High,No,9.0,6.1,72.6,36.9,47.1,66.7,Average
STU_2026534,Female,23,80.4,3.5,49.4,45.8,78.4,Yes,Medium,No,7.8,6.6,92.6,33.0,70.2,64.1,Average
STU_2026535,Female,24,67.5,3.5,99.3,59.7,54.1,Yes,High,No,6.2,7.6,72.6,77.2,83.8,61.3,Average
STU_2026536,Female,24,55.7,4.9,98.6,75.1,82.8,Yes,High,Yes,9.0,5.3,54.3,67.6,50.2,72.1,Good
STU_2026537,Male,23,57.6,9.8,87.6,98.0,92.4,Yes,Low,No,6.0,2.8,91.1,61.1,58.6,79.3,Good
STU_2026538,Male,25,61.3,1.6,79.6,82.3,47.6,Yes,High,No,7.3,7.5,73.4,74.4,66.7,73.9,Good
STU_2026539,Male,20,62.5,5.7,74.7,95.0,92.0,Yes,Low,Yes,5.0,6.4,52.4,87.9,39.4,63.2,Average
STU_2026540,Female,22,92.5,2.6,92.0,84.5,75.6,Yes,Low,Yes,9.1,5.0,77.4,59.9,31.8,71.9,Good
STU_2026541,Female,18,78.1,9.7,57.4,73.5,47.6,Yes,High,Yes,5.2,5.9,61.5,74.9,40.7,53.7,Average
STU_2026542,Male,18,76.2,2.0,68.1,47.5,65.7,Yes,High,No,5.6,7.5,90.7,96.8,73.9,61.6,Average
STU_2026543,Female,21,55.7,4.6,77.2,78.3,49.7,Yes,Medium,Yes,7.3,6.0,67.2,88.8,35.2,66.1,Average
STU_2026544,Female,23,93.0,7.6,64.7,75.5,82.0,No,Medium,No,8.3,3.6,83.6,59.8,43.3,80.0,Good
STU_2026545,Male,18,86.1,7.3,65.6,74.2,85.5,Yes,High,Yes,7.6,6.0,45.7,75.1,53.6,75.8,Good
STU_2026546,Male,25,53.4,4.8,59.8,66.8,46.3,Yes,Medium,No,5.7,1.3,63.8,42.4,35.5,52.5,Average
STU_2026547,Female,20,85.4,4.1,73.9,69.4,70.4,Yes,High,No,4.5,3.7,99.0,69.2,43.4,78.3,Good
STU_2026548,Female,23,77.2,4.6,91.0,56.7,88.9,Yes,Low,No,8.3,3.8,88.5,98.7,93.8,79.3,Good
STU_2026549,Female,20,54.1,3.4,52.1,68.8,96.2,Yes,High,No,9.4,2.2,49.6,66.3,31.4,65.7,Average
STU_2026550,Female,25,72.9,2.8,96.1,47.8,70.8,No,High,No,8.5,1.2,56.7,94.9,75.7,60.3,Average
STU_2026551,Female,18,74.2,5.3,81.3,87.3,97.0,Yes,High,No,6.8,1.9,59.8,58.5,56.9,75.8,Good
STU_2026552,Female,18,58.3,3.4,89.4,47.1,72.1,No,Low,Yes,9.0,5.6,79.0,99.9,77.1,56.8,Average
STU_2026553,Female,21,97.3,3.6,73.4,40.5,63.7,Yes,Medium,Yes,6.5,6.6,85.4,70.5,71.2,61.8,Average
STU_2026554,Female,18,92.5,6.9,86.8,63.4,90.9,Yes,Medium,No,7.1,7.9,85.0,33.0,45.6,75.6,Good
STU_2026555,Male,23,83.5,9.7,41.0,77.8,69.6,Yes,High,No,6.9,3.4,70.6,71.1,89.3,77.9,Good
STU_2026556,Male,25,73.1,6.4,89.1,63.5,68.3,Yes,High,No,6.7,5.2,88.6,49.2,64.4,74.5,Good
STU_2026557,Male,24,70.6,1.7,42.4,53.0,69.4,Yes,High,Yes,8.4,7.6,66.2,32.3,87.6,49.5,Poor
STU_2026558,Female,25,82.5,1.7,93.4,71.3,90.8,No,Medium,Yes,7.1,2.2,47.4,87.5,58.4,75.1,Good
STU_2026559,Female,23,77.3,9.6,99.5,57.6,89.9,No,Medium,Yes,6.1,6.0,73.9,49.3,98.9,66.4,Average
STU_2026560,Female,23,53.1,3.7,57.6,95.6,64.2,No,Medium,No,5.8,6.3,97.1,85.8,83.9,65.7,Average
STU_2026561,Male,21,75.6,1.8,52.6,95.0,60.0,Yes,High,No,4.7,1.6,87.6,50.2,97.6,69.7,Average
STU_2026562,Male,21,90.3,6.4,85.9,67.7,69.5,Yes,Low,No,7.4,7.0,74.7,43.6,66.0,66.4,Average
STU_2026563,Male,18,73.0,6.6,55.2,56.3,74.4,Yes,High,No,5.6,6.7,78.8,98.2,63.2,62.2,Average
STU_2026564,Male,19,52.6,6.8,91.9,82.9,54.3,Yes,Low,No,5.2,1.2,95.8,55.3,82.9,72.5,Good
STU_2026565,Female,25,89.3,3.4,46.2,37.4,87.6,Yes,High,No,7.8,1.6,65.7,72.1,91.6,61.9,Average
STU_2026566,Male,25,60.1,,47.6,65.9,69.2,Yes,Medium,Yes,7.9,1.3,59.9,72.7,97.5,66.8,Average
STU_2026567,Male,19,62.9,9.7,98.7,56.9,60.0,Yes,High,No,8.3,3.3,98.6,69.2,52.7,87.0,Excellent
STU_2026568,Female,21,58.2,3.3,80.4,94.8,46.4,Yes,Medium,Yes,7.0,4.6,91.8,94.0,85.9,75.7,Good
STU_2026569,Male,18,66.5,7.1,90.8,35.8,54.3,Yes,Medium,Yes,9.0,4.7,59.4,77.2,44.7,58.7,Average
STU_2026570,Female,19,87.8,7.4,59.5,70.9,97.0,Yes,Medium,No,9.2,2.9,67.8,58.3,68.2,64.8,Average
STU_2026571,Female,18,76.0,6.5,80.6,83.1,58.3,Yes,Medium,No,8.5,7.4,64.9,90.4,42.6,67.9,Average
STU_2026572,Male,18,60.2,3.8,75.7,66.5,50.1,Yes,Medium,No,7.7,3.6,48.9,42.7,54.3,63.2,Average
STU_2026573,Female,18,93.9,3.4,76.2,40.6,67.6,Yes,Medium,No,6.0,1.3,97.5,68.1,95.2,69.6,Average
STU_2026574,Female,22,94.0,6.4,81.0,98.2,58.4,Yes,Medium,No,9.4,3.1,64.3,96.5,40.2,77.5,Good
STU_2026575,Female,23,93.5,8.8,74.5,68.7,42.1,Yes,High,No,5.9,4.7,92.5,73.8,74.3,76.0,Good
STU_2026576,Male,18,61.9,9.5,65.7,74.9,59.4,Yes,Medium,No,5.5,3.9,51.4,87.2,71.5,76.5,Good
STU_2026577,Female,22,72.6,2.0,56.6,50.4,72.6,Yes,Medium,No,6.7,2.9,72.9,75.7,38.5,65.9,Average
STU_2026578,Female,21,99.2,2.4,86.1,66.4,73.1,Yes,High,No,4.8,1.9,41.4,88.8,52.8,67.6,Average
STU_2026579,Male,19,88.6,,53.6,62.9,61.4,Yes,Medium,Yes,9.4,6.7,85.9,96.1,69.4,63.7,Average
STU_2026580,Male,23,51.4,7.6,81.5,39.9,66.8,Yes,High,Yes,7.4,8.0,74.9,49.1,43.1,62.7,Average
STU_2026581,Female,24,53.3,8.9,54.0,41.9,97.9,Yes,High,No,7.3,3.3,77.5,41.9,86.0,67.9,Average
STU_2026582,Female,19,73.2,2.8,77.5,89.4,62.6,Yes,High,Yes,7.8,3.7,43.1,63.9,98.1,76.9,Good
STU_2026583,Male,23,95.5,6.3,84.8,50.6,55.5,Yes,High,No,7.0,5.3,52.7,79.1,45.0,60.3,Average
STU_2026584,Female,24,76.9,7.3,53.1,47.7,54.6,Yes,Medium,Yes,4.7,6.0,44.5,45.9,43.1,49.9,Poor
STU_2026585,Male,19,,7.1,43.6,67.8,67.5,Yes,Medium,Yes,7.6,3.7,57.3,30.3,61.8,67.4,Average
STU_2026586,Male,23,55.3,4.7,47.9,85.0,85.6,Yes,Low,No,8.1,7.3,77.6,54.0,82.3,68.6,Average
STU_2026587,Male,19,82.8,1.1,76.4,39.0,52.4,Yes,Medium,No,6.6,4.9,74.0,97.8,49.7,55.3,Average
STU_2026588,Male,19,91.1,6.2,91.0,72.5,82.6,Yes,High,Yes,8.3,4.2,76.7,78.6,31.4,88.1,Excellent
STU_2026589,Male,24,69.0,3.3,42.7,42.7,41.3,Yes,Low,No,5.6,5.5,73.0,58.1,67.9,37.4,Poor
STU_2026590,Male,19,88.8,5.1,84.0,37.4,65.1,Yes,Low,No,5.6,7.7,56.4,43.5,97.0,52.4,Average
STU_2026591,Female,19,98.2,9.6,60.5,38.4,86.6,No,Medium,Yes,5.3,6.6,54.7,54.9,57.4,57.4,Average
STU_2026592,Male,24,60.2,4.6,68.7,89.2,60.3,Yes,Medium,No,6.4,1.3,48.2,41.9,59.4,64.2,Average
STU_2026593,Male,21,76.2,8.6,95.7,42.7,73.8,Yes,Low,No,8.7,3.3,90.9,37.4,97.8,67.9,Average
STU_2026594,Female,18,64.4,,59.9,37.9,52.3,Yes,Medium,No,8.6,4.3,77.0,93.5,78.6,58.9,Average
STU_2026595,Male,25,89.6,7.1,67.9,63.5,84.5,Yes,Low,No,6.4,3.2,51.2,99.8,80.3,68.7,Average
STU_2026596,Female,20,78.9,9.8,40.8,89.9,43.1,Yes,High,Yes,7.4,5.9,50.6,41.5,69.4,64.5,Average
STU_2026597,Male,22,81.7,,44.9,52.1,91.2,Yes,High,Yes,8.1,6.8,92.4,33.8,98.2,67.4,Average
STU_2026598,Male,20,,1.1,55.5,62.4,51.9,Yes,Medium,No,5.7,6.1,84.6,53.1,78.2,55.7,Average
STU_2026599,Male,20,69.8,4.9,41.7,37.6,92.5,No,Medium,No,5.3,7.9,79.6,62.3,92.7,58.4,Average
STU_2026600,Male,23,95.8,1.8,77.9,64.2,61.2,Yes,Medium,No,9.4,2.9,64.4,44.3,79.0,61.4,Average
STU_2026601,Male,18,76.7,7.7,65.6,72.5,83.4,Yes,Low,No,7.6,7.1,55.7,51.1,81.5,70.8,Good
STU_2026602,Male,23,57.9,9.2,72.9,72.1,59.2,No,High,Yes,9.4,6.4,98.8,44.1,50.3,66.8,Average
STU_2026603,Male,18,84.8,4.9,50.5,56.6,94.4,Yes,High,No,6.2,3.5,87.8,84.2,51.2,71.1,Good
STU_2026604,Male,24,89.7,3.3,57.8,55.5,47.6,Yes,Medium,Yes,8.0,6.1,58.1,79.9,84.8,62.5,Average
STU_2026605,Male,24,65.8,4.9,79.8,41.9,50.7,Yes,Medium,Yes,5.6,1.7,90.9,74.4,50.8,59.7,Average
STU_2026606,Male,25,92.9,7.5,97.9,58.8,69.6,Yes,High,Yes,5.8,6.5,85.5,57.1,69.4,76.2,Good
STU_2026607,Male,18,95.3,1.1,43.0,41.5,44.9,Yes,Medium,No,7.1,4.7,57.8,93.6,47.5,55.4,Average
STU_2026608,Female,19,63.8,6.3,93.4,84.8,51.8,No,Medium,Yes,6.1,3.0,65.6,97.9,87.2,69.9,Average
STU_2026609,Female,21,99.2,6.5,74.6,97.8,96.6,Yes,Medium,No,5.3,5.6,51.2,42.2,37.7,76.7,Good
STU_2026610,Male,25,,6.7,73.8,98.1,98.6,Yes,Medium,No,5.8,5.5,46.7,45.6,88.1,78.9,Good
STU_2026611,Female,25,60.1,3.2,70.0,91.2,62.6,No,High,No,4.7,2.5,83.4,66.8,72.2,74.7,Good
STU_2026612,Female,19,59.2,7.4,44.2,74.1,95.4,Yes,Low,No,8.0,1.2,56.1,36.4,43.1,69.7,Average
STU_2026613,Male,21,94.7,1.8,45.4,80.6,72.7,Yes,Medium,No,7.0,4.0,89.2,60.6,67.9,71.4,Good
STU_2026614,Female,23,82.7,2.8,76.1,53.5,56.2,Yes,Medium,Yes,5.0,5.0,99.7,70.7,49.8,62.7,Average
STU_2026615,Female,21,57.6,8.9,60.5,76.0,82.1,No,High,No,5.4,7.1,44.6,66.5,52.6,71.6,Good
STU_2026616,Male,23,72.0,7.6,95.0,64.6,79.5,Yes,Medium,No,5.0,7.5,68.4,53.2,54.6,64.2,Average
STU_2026617,Male,24,80.8,1.1,64.4,66.3,99.3,Yes,High,No,7.6,4.7,88.1,68.0,34.4,81.3,Good
STU_2026618,Female,20,54.2,3.2,48.6,84.3,,Yes,High,No,5.0,6.3,87.3,97.1,99.0,70.1,Good
STU_2026619,Female,24,94.1,2.9,82.9,53.3,80.3,Yes,Medium,No,8.3,4.1,85.6,44.4,32.2,67.2,Average
STU_2026620,Male,24,90.2,3.4,57.6,55.7,43.1,No,High,No,4.6,6.2,60.9,75.8,76.4,52.4,Average
STU_2026621,Male,20,75.3,3.2,71.5,95.1,46.8,Yes,Medium,No,5.7,2.4,67.2,33.0,56.0,65.3,Average
STU_2026622,Male,21,98.4,1.6,81.9,38.7,40.2,Yes,High,No,9.0,3.6,75.7,34.6,75.2,61.0,Average
STU_2026623,Female,25,70.9,5.1,94.0,66.6,100.0,No,Medium,No,8.1,5.4,98.4,68.6,54.9,78.7,Good
STU_2026624,Female,21,99.2,7.6,87.5,94.3,88.1,Yes,High,No,4.9,1.1,59.7,37.3,77.2,81.4,Good
STU_2026625,Male,23,83.4,6.5,80.6,74.7,87.2,Yes,High,No,8.6,6.1,95.4,31.6,81.0,68.3,Average
STU_2026626,Male,19,81.7,7.1,80.8,70.5,70.6,Yes,High,No,7.0,6.8,56.2,42.0,78.3,73.3,Good
STU_2026627,Female,23,58.3,1.7,96.8,51.2,58.0,Yes,Low,No,8.7,3.8,99.3,69.5,38.0,58.8,Average
STU_2026628,Male,19,94.1,9.6,57.7,57.3,49.1,Yes,Low,No,7.5,4.1,80.2,79.2,76.0,68.2,Average
STU_2026629,Male,24,71.4,8.5,40.1,90.4,57.1,No,High,No,7.9,7.0,67.8,44.2,49.6,64.5,Average
STU_2026630,Female,20,58.1,,56.3,71.3,62.6,Yes,Medium,Yes,9.5,6.4,76.8,76.8,32.0,63.9,Average
STU_2026631,Female,24,50.6,8.4,53.1,68.5,85.4,Yes,Medium,No,5.7,3.0,56.4,42.8,59.0,67.3,Average
STU_2026632,Female,18,78.0,9.4,79.7,41.5,72.4,Yes,Low,No,7.6,3.3,56.5,72.9,60.3,71.0,Good
STU_2026633,Female,21,76.4,5.9,78.0,36.0,44.6,Yes,High,Yes,6.8,5.8,46.8,58.8,62.7,53.1,Average
STU_2026634,Male,19,86.0,2.8,75.6,97.6,41.1,Yes,Medium,No,4.7,4.9,46.8,75.8,79.3,69.7,Average
STU_2026635,Male,23,94.5,6.6,41.0,59.5,46.1,Yes,High,No,4.6,2.1,60.9,99.7,51.6,62.6,Average
STU_2026636,Female,20,54.0,7.7,83.7,74.2,64.6,No,High,No,5.1,3.2,85.8,95.6,52.1,76.6,Good
STU_2026637,Male,19,86.6,7.6,59.4,40.2,96.0,Yes,Low,Yes,7.7,7.3,76.5,30.3,34.2,60.9,Average
STU_2026638,Male,23,59.4,5.7,79.9,79.4,78.2,Yes,Medium,No,7.3,5.8,46.2,92.0,78.1,76.7,Good
STU_2026639,Male,21,92.9,1.6,73.4,95.6,88.1,Yes,High,No,7.3,7.9,91.1,34.7,69.7,85.6,Excellent
STU_2026640,Male,24,91.0,4.3,60.6,72.4,68.0,No,High,No,4.7,6.4,76.1,96.7,54.5,69.9,Average
STU_2026641,Male,21,77.0,9.3,48.1,43.2,61.7,Yes,Medium,Yes,6.8,7.6,97.7,49.7,79.4,58.3,Average
STU_2026642,Male,22,85.5,6.3,45.7,72.8,46.5,Yes,Medium,No,9.1,2.5,80.2,56.7,67.6,62.3,Average
STU_2026643,Male,18,65.7,5.8,89.9,84.8,92.6,Yes,High,No,6.5,6.4,50.5,36.4,62.8,73.6,Good
STU_2026644,Male,22,73.6,3.4,95.1,61.4,87.0,No,Low,No,7.6,1.1,68.4,37.9,65.8,62.3,Average
STU_2026645,Female,20,91.1,4.3,79.0,92.2,,Yes,High,No,8.4,5.7,78.9,80.9,74.5,83.2,Good
STU_2026646,Female,19,73.0,9.1,46.2,77.2,70.7,Yes,High,No,8.4,4.3,41.7,96.1,76.2,73.4,Good
STU_2026647,Female,20,67.9,7.0,64.1,93.5,69.2,Yes,Low,No,7.1,3.4,40.9,72.8,50.2,71.2,Good
STU_2026648,Female,24,74.7,8.1,83.7,75.5,77.5,Yes,High,No,8.8,7.0,47.8,80.1,39.9,68.7,Average
STU_2026649,Female,23,91.4,5.1,86.8,43.5,96.8,Yes,High,No,6.5,7.0,55.1,83.3,41.0,63.1,Average
STU_2026650,Male,21,66.8,6.7,47.1,55.1,74.8,Yes,Medium,No,8.9,1.2,65.8,48.4,74.8,58.6,Average
STU_2026651,Female,22,58.7,3.2,40.0,48.1,72.4,Yes,Medium,No,5.7,5.3,69.2,33.2,91.1,55.5,Average
STU_2026652,Female,25,85.6,7.3,82.7,94.1,43.0,No,High,Yes,5.9,3.6,48.3,30.1,58.7,68.3,Average
STU_2026653,Female,22,91.3,4.8,61.4,84.4,43.8,No,Low,No,4.8,3.9,80.4,54.5,41.9,60.0,Average
STU_2026654,Male,24,55.0,5.0,55.3,79.0,51.2,Yes,Medium,Yes,8.5,6.8,75.8,46.9,83.0,66.3,Average
STU_2026655,Male,22,62.0,6.8,40.8,54.6,41.9,Yes,High,Yes,6.6,3.2,57.7,34.4,88.3,52.8,Average
STU_2026656,Male,24,57.1,9.4,72.4,47.0,84.6,Yes,Medium,No,5.6,7.6,40.8,42.6,91.6,60.6,Average
STU_2026657,Male,25,67.4,1.6,91.1,84.2,,Yes,High,No,5.7,2.3,44.7,38.7,72.5,76.4,Good
STU_2026658,Female,20,72.5,8.4,97.5,65.8,48.2,Yes,Medium,No,9.0,5.6,63.5,94.0,90.3,70.5,Good
STU_2026659,Female,21,87.4,3.6,73.9,49.7,90.2,Yes,Medium,No,8.7,5.7,49.2,39.8,31.1,61.0,Average
STU_2026660,Male,19,82.6,5.0,70.9,75.1,49.3,Yes,Low,No,7.3,2.8,62.6,67.6,37.5,65.9,Average
STU_2026661,Female,23,81.0,1.2,45.1,37.6,58.1,Yes,High,No,7.6,3.3,77.7,71.5,36.5,53.2,Average
STU_2026662,Female,19,67.6,3.7,72.9,56.2,54.9,Yes,Medium,No,6.9,6.8,72.8,68.0,79.9,55.3,Average
STU_2026663,Male,20,92.1,5.5,62.8,65.5,62.3,Yes,Medium,No,6.5,6.3,53.9,36.9,34.9,58.5,Average
STU_2026664,Male,23,73.6,1.5,76.4,44.6,55.3,Yes,High,No,9.1,3.3,60.6,52.3,64.7,57.1,Average
STU_2026665,Male,22,99.0,5.4,63.3,99.0,69.3,Yes,High,No,5.1,4.7,76.8,33.6,63.1,78.1,Good
STU_2026666,Male,25,81.7,9.3,54.4,48.6,64.4,No,High,No,6.6,1.4,91.7,57.7,51.7,68.8,Average
STU_2026667,Male,25,56.3,1.9,45.7,43.5,99.2,Yes,Medium,Yes,6.2,2.5,85.2,43.2,90.9,65.6,Average
STU_2026668,Male,18,83.8,7.9,58.9,48.2,43.4,Yes,Medium,Yes,7.0,4.4,73.2,69.3,41.9,63.3,Average
STU_2026669,Male,20,66.3,4.7,45.8,85.0,48.5,Yes,High,Yes,6.8,1.6,61.7,78.5,54.7,65.8,Average
STU_2026670,Male,20,84.3,6.9,50.6,62.7,43.2,Yes,Medium,Yes,7.1,6.9,61.9,67.2,84.2,58.6,Average
STU_2026671,Female,21,53.5,3.3,99.2,71.8,77.6,No,Medium,No,5.2,6.0,92.8,60.4,32.1,66.9,Average
STU_2026672,Male,19,58.7,2.4,66.6,36.4,43.3,Yes,Medium,Yes,7.1,7.6,42.4,57.1,77.1,46.0,Poor
STU_2026673,Female,20,92.8,2.4,71.9,37.2,90.2,Yes,High,Yes,5.7,5.9,99.3,88.9,87.1,76.5,Good
STU_2026674,Male,20,61.4,1.6,92.4,64.0,70.7,Yes,Medium,Yes,5.4,7.6,79.9,45.4,95.3,69.0,Average
STU_2026675,Female,22,91.9,2.7,99.7,88.1,71.6,Yes,High,Yes,4.8,4.9,80.9,81.4,91.3,86.0,Excellent
STU_2026676,Male,22,64.0,7.0,75.0,92.5,73.7,No,High,Yes,8.3,5.2,42.3,83.0,52.4,80.2,Good
STU_2026677,Male,23,82.1,8.9,88.7,40.6,50.2,Yes,Medium,No,6.6,7.8,76.3,59.3,71.0,53.1,Average
STU_2026678,Female,24,84.7,8.3,59.6,70.0,51.9,Yes,High,No,7.6,5.5,69.1,50.8,35.4,71.1,Good
STU_2026679,Female,24,75.6,7.2,58.3,94.4,59.1,Yes,High,Yes,8.1,1.2,46.3,62.9,48.1,69.6,Average
STU_2026680,Female,18,65.3,2.0,64.2,60.2,75.6,Yes,High,No,7.9,6.1,56.7,36.5,36.6,60.9,Average
STU_2026681,Male,24,60.6,3.6,80.4,88.9,52.6,Yes,High,No,6.9,7.3,93.4,33.2,52.1,67.4,Average
STU_2026682,Male,21,51.7,3.8,80.9,43.7,47.0,Yes,High,Yes,6.4,6.6,73.0,37.8,91.3,57.8,Average
STU_2026683,Female,18,65.2,3.2,58.9,95.8,98.2,Yes,Low,No,6.4,5.1,64.8,43.1,54.3,71.6,Good
STU_2026684,Female,23,82.7,5.6,48.0,83.8,41.3,Yes,High,No,7.7,5.7,44.4,65.3,69.3,67.4,Average
STU_2026685,Female,22,96.9,5.8,77.9,96.2,88.2,No,High,No,7.0,7.9,82.8,89.4,60.3,78.5,Good
STU_2026686,Female,24,93.6,4.2,47.7,79.0,87.3,Yes,High,No,8.7,1.6,82.2,46.5,62.1,75.9,Good
STU_2026687,Male,19,88.3,4.2,74.7,58.6,57.8,Yes,Low,Yes,8.9,5.7,76.8,95.5,97.9,64.3,Average
STU_2026688,Female,22,89.4,8.5,81.6,96.0,48.1,Yes,Medium,No,5.4,3.0,70.6,96.8,50.7,71.3,Good
STU_2026689,Male,25,83.2,8.1,82.0,52.9,48.7,Yes,High,No,5.2,5.5,66.0,97.1,73.9,64.9,Average
STU_2026690,Male,21,63.0,3.8,85.2,56.6,,Yes,Low,No,7.7,5.3,75.6,88.6,59.4,70.8,Good
STU_2026691,Male,22,95.4,9.2,92.4,80.6,78.6,Yes,High,Yes,6.0,2.1,54.0,55.5,34.3,82.2,Good
STU_2026692,Female,21,83.5,9.6,70.0,84.7,87.0,Yes,High,No,4.6,2.4,96.5,35.1,64.3,83.6,Good
STU_2026693,Male,21,78.0,3.9,83.8,95.4,,Yes,High,No,8.9,5.4,75.3,69.8,86.9,81.3,Good
STU_2026694,Male,21,55.5,4.2,77.2,48.3,81.5,Yes,High,No,5.6,1.9,58.7,69.1,36.9,63.2,Average
STU_2026695,Female,23,72.4,5.6,51.2,86.9,49.4,Yes,High,Yes,9.1,2.9,67.0,89.5,34.9,75.8,Good
STU_2026696,Male,21,73.0,9.5,41.5,83.0,54.6,Yes,Medium,No,8.1,6.8,88.3,99.7,40.8,72.4,Good
STU_2026697,Female,21,93.2,8.9,57.1,39.1,90.5,Yes,High,No,8.3,3.3,49.7,65.6,83.5,68.7,Average
STU_2026698,Male,25,77.3,1.9,66.6,60.2,52.6,No,Medium,No,5.5,4.4,57.6,54.2,80.7,56.0,Average
STU_2026699,Female,19,69.0,4.5,77.0,53.4,44.4,No,High,No,5.7,7.6,80.8,43.0,69.6,57.3,Average
STU_2026700,Female,18,98.8,6.0,91.0,54.8,82.2,Yes,High,No,7.1,2.6,58.9,30.3,62.8,72.0,Good
STU_2026701,Male,20,55.5,5.5,51.8,98.9,64.2,Yes,Medium,No,5.4,3.7,87.6,65.6,92.2,75.9,Good
STU_2026702,Male,25,71.1,2.7,47.5,76.8,95.2,Yes,Low,No,6.0,5.2,47.8,68.9,83.7,63.4,Average
STU_2026703,Male,18,52.1,8.7,97.8,81.6,79.0,Yes,High,No,6.1,6.3,85.8,87.7,86.8,84.1,Good
STU_2026704,Male,21,87.0,7.1,46.5,98.5,45.4,No,Medium,No,5.3,7.3,44.1,65.3,86.9,59.9,Average
STU_2026705,Female,19,95.9,8.5,68.7,59.5,96.9,Yes,High,Yes,5.5,7.4,40.8,94.2,75.0,74.2,Good
STU_2026706,Male,22,64.0,8.7,75.1,87.1,55.5,Yes,High,No,8.4,6.4,93.9,74.0,62.1,76.2,Good
STU_2026707,Female,19,92.9,7.7,72.5,63.2,60.2,Yes,High,No,5.3,2.6,74.9,88.8,90.5,70.5,Good
STU_2026708,Male,25,64.6,5.0,45.2,91.5,64.1,Yes,High,No,4.6,1.2,61.1,40.4,94.8,71.0,Good
STU_2026709,Female,21,95.5,6.5,43.4,46.7,43.1,Yes,High,No,7.6,3.7,54.0,89.9,31.7,59.2,Average
STU_2026710,Female,19,87.7,2.4,46.3,96.6,69.8,Yes,High,No,9.4,2.0,77.0,77.3,33.6,74.2,Good
STU_2026711,Female,24,90.2,7.1,75.1,49.2,47.4,Yes,Medium,No,6.2,6.0,70.5,41.9,97.1,56.9,Average
STU_2026712,Male,19,50.9,2.6,72.7,56.2,64.1,Yes,High,Yes,5.1,5.6,99.5,43.3,49.4,65.9,Average
STU_2026713,Male,21,98.1,7.2,54.0,84.2,61.0,Yes,Medium,No,7.4,1.3,99.0,94.9,91.1,80.0,Good
STU_2026714,Male,23,86.3,3.1,78.3,60.6,86.4,Yes,High,Yes,9.0,6.9,78.1,32.3,57.2,67.7,Average
STU_2026715,Female,24,65.2,2.1,89.2,74.5,88.2,Yes,Medium,Yes,8.4,2.7,66.6,62.4,38.3,79.2,Good
STU_2026716,Female,19,91.5,2.5,42.5,63.9,49.2,Yes,Medium,No,7.6,4.0,69.5,51.9,35.6,63.7,Average
STU_2026717,Female,20,64.1,1.0,69.9,83.3,62.0,Yes,High,No,6.1,5.7,80.9,76.6,41.0,65.4,Average
STU_2026718,Male,20,93.6,7.5,81.4,49.8,62.4,No,High,No,7.2,4.0,46.1,88.8,47.5,73.0,Good
STU_2026719,Female,19,55.6,7.6,55.1,38.8,49.1,No,Medium,Yes,5.0,4.1,59.7,55.2,64.2,50.3,Average
STU_2026720,Female,23,85.2,5.6,58.5,54.5,87.9,No,Low,Yes,7.9,1.5,44.5,59.9,79.1,58.3,Average
STU_2026721,Male,22,77.0,2.5,76.8,65.8,82.4,Yes,High,No,8.1,3.8,44.4,98.7,99.0,76.6,Good
STU_2026722,Male,21,54.8,1.8,93.9,45.9,51.4,Yes,High,No,9.3,6.4,51.8,84.9,60.9,54.9,Average
STU_2026723,Female,20,62.1,1.2,88.6,58.1,62.0,Yes,Low,Yes,5.8,7.4,69.1,92.8,66.3,61.7,Average
STU_2026724,Female,22,50.6,2.5,75.0,61.0,46.3,No,High,No,4.6,3.9,87.1,60.7,66.5,59.2,Average
STU_2026725,Female,19,73.4,9.0,83.8,38.7,77.7,No,Medium,No,7.2,4.0,69.1,46.4,67.8,65.4,Average
STU_2026726,Male,25,65.1,3.2,61.9,72.9,47.3,No,High,No,8.0,5.9,60.1,58.8,66.2,55.6,Average
STU_2026727,Female,22,79.9,4.2,78.5,92.5,99.2,Yes,High,No,8.5,7.6,44.9,80.1,30.6,83.2,Good
STU_2026728,Male,24,64.9,1.9,68.0,44.9,86.8,No,Medium,No,5.5,2.9,73.0,37.7,30.1,51.6,Average
STU_2026729,Male,18,65.0,3.0,51.4,73.9,63.4,Yes,Medium,No,5.8,4.1,56.3,48.9,36.8,54.7,Average
STU_2026730,Male,20,87.2,5.7,82.1,78.2,74.7,Yes,High,No,7.1,6.6,76.9,33.3,37.1,75.8,Good
STU_2026731,Female,19,52.4,6.5,73.4,62.3,94.7,Yes,Medium,Yes,6.2,5.3,98.6,60.3,79.3,82.0,Good
STU_2026732,Female,25,95.1,3.2,61.5,80.6,73.2,Yes,Medium,No,8.8,1.8,46.7,87.9,44.3,66.7,Average
STU_2026733,Female,21,92.6,1.5,94.7,61.7,50.5,Yes,Medium,No,6.9,5.4,52.7,31.7,92.6,63.2,Average
STU_2026734,Male,25,83.4,4.5,41.3,67.8,62.7,Yes,High,No,8.5,2.3,68.4,77.3,95.0,73.7,Good
STU_2026735,Female,23,79.7,3.1,58.9,35.5,90.6,Yes,Medium,No,7.4,4.6,98.1,95.3,98.3,75.9,Good
STU_2026736,Male,24,94.6,3.0,43.4,80.0,78.7,Yes,Medium,Yes,8.4,4.7,86.3,46.6,95.7,74.6,Good
STU_2026737,Female,19,59.3,9.6,86.0,78.0,79.0,No,Medium,Yes,6.2,7.1,93.9,78.6,49.0,70.6,Good
STU_2026738,Male,21,53.9,6.5,82.1,37.5,92.0,Yes,Medium,No,8.7,4.2,60.0,98.3,65.7,59.1,Average
STU_2026739,Male,23,62.0,6.0,59.9,58.9,93.6,Yes,High,No,5.9,3.0,99.5,97.4,42.3,75.4,Good
STU_2026740,Male,23,89.7,4.7,80.5,98.6,95.2,Yes,Medium,Yes,7.2,2.6,46.2,46.4,86.4,87.6,Excellent
STU_2026741,Male,19,51.7,4.9,63.8,62.3,45.7,No,Medium,No,5.6,7.1,43.2,37.0,92.2,43.0,Poor
STU_2026742,Female,24,79.1,5.9,85.4,67.6,72.6,Yes,High,No,6.9,2.2,91.3,40.4,89.6,77.8,Good
STU_2026743,Female,22,99.8,7.3,67.3,94.1,84.4,Yes,Medium,No,6.1,4.0,95.6,79.1,60.3,81.1,Good
STU_2026744,Male,22,92.8,7.3,64.7,81.6,85.4,Yes,High,No,5.8,2.3,45.4,80.8,83.1,76.6,Good
STU_2026745,Female,23,76.1,2.5,96.1,72.8,76.4,Yes,Medium,No,9.3,6.4,46.8,77.2,36.8,68.4,Average
STU_2026746,Male,22,53.2,5.5,55.1,86.9,50.0,Yes,High,No,5.3,4.3,42.0,53.5,32.8,58.1,Average
STU_2026747,Female,18,91.6,4.7,47.2,91.2,87.8,No,Medium,No,8.4,3.5,46.3,41.9,82.7,70.9,Good
STU_2026748,Female,23,79.9,8.8,75.1,64.7,83.2,Yes,Low,Yes,9.4,3.5,52.6,70.7,59.8,66.9,Average
STU_2026749,Female,23,55.7,,98.2,65.9,45.2,Yes,Medium,Yes,4.6,7.0,98.2,63.9,99.7,71.9,Good
STU_2026750,Male,21,54.7,5.8,62.7,60.1,67.8,No,Low,Yes,8.0,4.9,80.1,81.0,36.8,64.1,Average
STU_2026751,Female,22,95.5,2.0,43.7,97.8,50.4,No,Low,No,5.8,6.0,86.7,60.9,89.9,60.7,Average
STU_2026752,Female,24,83.5,6.5,60.4,80.3,60.2,Yes,High,Yes,4.7,7.3,86.6,53.7,63.6,75.7,Good
STU_2026753,Male,23,91.5,2.1,70.4,40.4,41.1,No,Medium,Yes,6.5,7.3,72.1,50.5,87.9,51.2,Average
STU_2026754,Male,25,93.9,4.0,49.7,91.1,64.0,Yes,Medium,No,9.2,3.3,87.8,44.8,87.2,69.4,Average
STU_2026755,Female,24,78.6,2.3,79.5,66.2,73.0,Yes,Low,Yes,4.6,7.7,75.7,48.6,94.1,63.2,Average
STU_2026756,Female,18,75.9,7.2,99.9,39.5,77.2,Yes,High,Yes,7.4,1.2,58.9,36.6,50.8,70.0,Good
STU_2026757,Female,21,71.5,2.9,67.1,70.7,79.8,Yes,Low,Yes,7.0,3.6,73.7,54.3,96.5,71.5,Good
STU_2026758,Female,19,65.8,4.5,61.3,62.1,90.2,Yes,Medium,No,8.9,7.3,72.0,32.6,40.6,70.4,Good
STU_2026759,Female,24,71.7,9.1,64.0,92.1,52.9,Yes,Medium,Yes,4.9,2.9,89.4,43.0,35.7,73.7,Good
STU_2026760,Male,23,88.7,2.8,46.9,48.3,47.2,Yes,High,No,7.9,2.9,98.9,82.3,60.2,58.7,Average
STU_2026761,Male,18,80.1,5.6,93.0,88.7,91.1,Yes,High,No,7.9,3.1,64.7,52.8,88.0,84.3,Good
STU_2026762,Male,20,94.6,4.8,64.9,71.2,49.4,Yes,Medium,No,7.8,5.3,85.8,76.8,63.1,65.2,Average
STU_2026763,Female,18,72.2,1.2,63.2,38.5,98.5,Yes,High,No,9.2,4.1,46.0,80.2,88.1,61.7,Average
STU_2026764,Male,18,80.4,8.1,79.6,98.2,90.6,Yes,Medium,No,8.6,6.1,86.6,70.7,81.1,76.5,Good
STU_2026765,Female,21,81.6,1.6,66.5,68.3,70.1,Yes,High,Yes,4.7,7.3,62.3,97.1,44.7,63.1,Average
STU_2026766,Female,19,79.6,5.3,78.9,53.9,98.9,Yes,Medium,Yes,6.9,5.7,42.4,31.5,96.4,58.7,Average
STU_2026767,Female,20,85.1,6.0,43.7,65.5,45.8,Yes,High,Yes,6.5,2.4,61.8,81.7,34.3,62.7,Average
STU_2026768,Male,22,61.9,6.7,88.8,90.8,58.2,Yes,Medium,Yes,6.1,7.5,76.6,97.1,92.9,76.5,Good
STU_2026769,Female,22,75.6,7.2,96.4,54.8,78.3,Yes,Medium,Yes,6.8,2.9,47.2,90.4,51.3,71.4,Good
STU_2026770,Male,24,55.2,3.3,78.9,47.5,61.0,Yes,High,Yes,6.4,2.0,95.4,41.8,65.0,64.1,Average
STU_2026771,Female,18,69.2,1.1,97.3,43.4,95.7,No,High,No,6.7,1.6,44.7,52.9,59.6,56.5,Average
STU_2026772,Male,25,74.4,7.5,49.1,54.4,43.9,Yes,High,No,9.4,4.9,95.8,42.1,42.0,62.2,Average
STU_2026773,Male,21,82.6,5.8,68.6,85.7,73.0,Yes,Medium,No,4.9,1.8,82.4,72.1,55.1,82.2,Good
STU_2026774,Female,25,97.5,8.5,76.1,65.7,75.5,Yes,Medium,No,9.1,2.0,59.8,79.9,43.5,72.9,Good
STU_2026775,Male,21,80.0,8.4,74.9,49.8,79.2,No,Medium,Yes,6.9,3.1,63.4,52.2,44.3,61.1,Average
STU_2026776,Male,22,87.2,8.6,64.1,45.8,55.3,Yes,Medium,Yes,7.6,3.0,84.4,67.8,43.1,62.7,Average
STU_2026777,Female,24,75.3,5.4,60.3,56.6,61.9,Yes,Medium,No,8.7,5.2,76.1,78.4,64.2,60.6,Average
STU_2026778,Female,24,81.7,4.0,47.6,96.1,90.6,Yes,High,Yes,6.3,6.7,80.3,59.5,85.9,78.7,Good
STU_2026779,Female,24,53.5,8.1,63.5,57.3,51.7,Yes,High,Yes,6.7,6.3,63.3,89.8,69.8,65.5,Average
STU_2026780,Female,20,62.7,5.1,49.8,99.2,89.6,Yes,High,No,6.5,2.8,69.3,84.0,92.5,80.8,Good
STU_2026781,Female,19,68.1,2.7,84.1,66.5,73.8,Yes,Low,No,6.4,2.7,99.4,34.5,74.6,70.3,Good
STU_2026782,Male,20,73.6,8.7,52.5,46.6,85.7,Yes,Low,No,9.1,7.8,52.8,73.5,78.3,60.0,Average
STU_2026783,Male,23,52.3,8.9,43.5,92.9,82.8,Yes,High,Yes,8.6,1.1,65.1,46.5,76.7,76.2,Good
STU_2026784,Male,23,57.0,5.2,73.1,64.9,52.5,Yes,Medium,No,5.0,7.2,57.5,69.0,61.5,55.6,Average
STU_2026785,Female,25,63.8,1.7,75.7,81.1,74.1,Yes,Medium,No,5.0,2.4,85.9,97.0,78.3,75.8,Good
STU_2026786,Female,19,98.6,4.5,92.3,98.9,92.1,Yes,Medium,No,6.6,7.6,85.8,91.5,34.9,81.7,Good
STU_2026787,Male,22,66.6,8.2,74.6,38.3,65.9,Yes,High,No,5.0,3.4,57.5,58.3,90.2,62.0,Average
STU_2026788,Male,19,74.1,9.1,60.7,41.3,98.0,No,High,No,7.6,4.1,44.9,50.4,84.4,67.0,Average
STU_2026789,Female,21,59.8,2.8,88.2,81.8,67.1,Yes,Medium,Yes,5.2,5.9,40.7,46.4,47.2,68.1,Average
STU_2026790,Male,23,80.5,1.6,72.4,53.3,48.6,Yes,Low,No,7.1,5.1,65.6,67.3,83.8,55.0,Average
STU_2026791,Female,18,64.0,8.9,44.8,47.0,63.4,Yes,Medium,No,4.5,3.2,64.6,38.0,30.9,56.1,Average
STU_2026792,Female,18,60.3,4.5,74.0,37.6,97.1,Yes,High,No,6.1,4.9,99.3,68.4,45.2,75.7,Good
STU_2026793,Female,22,75.8,5.9,94.5,36.4,59.2,Yes,High,No,7.9,6.1,68.2,30.1,34.6,63.1,Average
STU_2026794,Male,21,50.3,9.7,63.8,85.3,92.1,Yes,Medium,No,6.9,1.3,55.4,52.7,84.6,77.0,Good
STU_2026795,Female,25,50.4,1.6,57.8,43.7,92.9,No,Medium,No,9.4,1.1,93.5,45.4,82.9,61.7,Average
STU_2026796,Female,20,61.0,6.8,48.6,65.4,61.0,Yes,Medium,No,8.9,4.2,69.5,98.0,87.0,70.0,Good
STU_2026797,Female,21,51.8,1.7,49.1,74.4,45.0,Yes,Medium,No,6.3,1.9,76.0,80.9,30.3,54.4,Average
STU_2026798,Female,18,55.4,4.4,66.0,62.8,83.5,Yes,High,No,4.7,5.7,45.7,54.5,65.1,56.3,Average
STU_2026799,Female,18,66.9,8.2,75.7,36.8,58.7,Yes,Medium,Yes,8.7,2.5,63.0,36.5,79.3,57.9,Average
STU_2026800,Female,25,90.1,4.9,44.8,85.9,87.0,Yes,Medium,Yes,9.1,4.0,96.7,66.2,40.9,69.2,Average
STU_2026801,Male,23,78.6,10.0,96.4,35.7,66.6,Yes,High,No,8.6,2.4,75.4,44.9,75.5,71.9,Good
STU_2026802,Female,21,75.6,6.0,85.3,84.5,69.1,Yes,Medium,No,5.1,4.8,60.7,67.6,35.9,76.4,Good
STU_2026803,Female,21,64.7,3.9,75.2,93.1,86.7,No,High,No,9.5,1.8,77.5,88.5,42.7,75.6,Good
STU_2026804,Male,18,96.6,3.0,89.7,63.1,62.9,Yes,High,No,5.8,1.2,94.6,73.1,63.3,73.2,Good
STU_2026805,Female,20,69.9,4.2,44.8,69.8,66.6,No,High,Yes,8.1,1.4,56.4,74.4,75.7,65.1,Average
STU_2026806,Female,22,54.4,4.4,68.6,66.0,62.6,Yes,High,Yes,9.0,7.7,70.3,67.9,40.2,63.0,Average
STU_2026807,Female,24,80.9,1.6,77.8,60.3,62.0,Yes,High,No,5.7,2.0,97.5,94.9,43.0,71.7,Good
STU_2026808,Male,22,55.7,4.3,89.7,92.7,71.6,Yes,Medium,Yes,9.0,6.0,50.3,95.2,44.3,73.8,Good
STU_2026809,Male,21,67.3,5.2,87.0,93.1,88.5,Yes,Medium,No,6.0,1.5,83.2,65.9,46.7,80.4,Good
STU_2026810,Female,22,75.4,7.5,56.6,56.8,61.7,No,Medium,Yes,9.4,1.8,76.9,51.4,45.9,62.6,Average
STU_2026811,Female,18,93.7,6.9,96.5,75.0,71.5,Yes,High,Yes,5.9,4.6,80.8,62.2,57.7,81.7,Good
STU_2026812,Male,18,74.7,7.4,47.5,95.2,80.2,Yes,High,No,9.3,4.3,61.1,43.1,75.8,71.6,Good
STU_2026813,Female,25,85.1,1.1,92.5,97.5,56.2,Yes,Medium,No,4.8,7.7,58.8,74.5,60.7,74.5,Good
STU_2026814,Female,21,99.6,3.0,98.3,68.1,56.7,Yes,High,No,8.0,7.6,81.1,65.0,84.3,70.3,Good
STU_2026815,Female,25,56.6,7.0,50.6,64.4,96.0,No,High,Yes,7.2,6.5,52.9,37.2,80.3,64.8,Average
STU_2026816,Female,21,63.7,5.4,83.3,53.1,83.4,Yes,Low,No,6.9,5.2,65.2,43.8,38.9,64.9,Average
STU_2026817,Male,24,69.7,1.0,42.4,97.3,74.6,Yes,Medium,No,5.6,4.2,51.3,63.6,33.4,62.2,Average
STU_2026818,Male,24,,8.2,64.3,44.3,78.9,Yes,Low,No,8.0,3.5,40.5,92.1,91.5,65.1,Average
STU_2026819,Male,23,70.6,8.0,71.0,72.7,41.8,No,Medium,No,5.5,7.6,98.2,69.6,35.6,63.5,Average
STU_2026820,Female,21,95.4,5.9,74.8,53.4,77.1,Yes,High,Yes,7.3,5.2,65.9,77.7,40.4,71.4,Good
STU_2026821,Male,20,85.7,1.6,96.2,53.1,70.6,Yes,Medium,No,5.8,5.1,98.2,53.7,31.5,68.3,Average
STU_2026822,Male,22,80.4,7.9,80.3,61.3,72.7,Yes,High,No,9.3,2.6,48.4,70.0,74.0,69.1,Average
STU_2026823,Male,21,65.5,6.3,68.9,99.9,61.6,Yes,Medium,No,4.6,1.3,75.2,61.3,70.8,72.6,Good
STU_2026824,Female,19,91.2,8.0,88.6,38.6,44.9,Yes,High,Yes,5.5,7.6,52.1,76.1,99.1,68.5,Average
STU_2026825,Female,23,97.8,7.8,97.0,72.6,51.6,Yes,Medium,No,5.7,3.2,87.4,33.5,92.1,70.8,Good
STU_2026826,Male,19,91.1,8.2,41.3,40.4,97.0,Yes,High,No,6.6,4.1,87.0,64.5,58.8,72.6,Good
STU_2026827,Male,18,50.1,5.7,99.0,45.0,64.5,Yes,Low,Yes,5.7,1.8,46.8,50.7,56.0,55.3,Average
STU_2026828,Female,24,81.8,2.3,45.2,63.6,68.0,Yes,Low,Yes,7.0,6.9,94.7,52.8,50.8,54.5,Average
STU_2026829,Male,22,52.6,7.0,88.9,68.2,43.2,Yes,Medium,No,8.9,1.2,51.7,97.3,40.7,63.9,Average
STU_2026830,Male,21,62.9,6.6,56.8,51.8,42.3,Yes,Medium,No,8.1,6.8,76.8,42.8,39.7,57.6,Average
STU_2026831,Male,19,53.0,7.7,47.9,55.6,83.0,No,Medium,No,7.4,2.0,99.1,51.8,39.3,69.8,Average
STU_2026832,Male,22,80.2,2.5,66.4,40.7,72.3,No,Medium,No,4.9,7.2,92.9,65.7,38.0,60.9,Average
STU_2026833,Male,18,84.3,2.8,78.6,54.7,70.5,Yes,Medium,No,8.0,6.1,97.4,90.4,46.8,81.7,Good
STU_2026834,Female,24,55.7,9.0,62.9,97.8,54.6,Yes,Medium,No,5.3,2.2,60.6,59.2,51.5,70.4,Good
STU_2026835,Male,20,69.2,7.7,43.3,96.4,84.7,Yes,Medium,Yes,8.4,5.0,46.3,82.1,97.3,76.6,Good
STU_2026836,Female,23,72.8,9.2,76.0,56.8,50.1,Yes,Low,No,5.8,3.2,51.3,89.9,70.5,62.0,Average
STU_2026837,Male,22,68.5,7.8,94.1,72.1,51.4,Yes,Medium,No,6.6,2.2,70.0,51.7,99.1,69.1,Average
STU_2026838,Female,22,56.1,6.4,63.0,94.1,67.6,Yes,Medium,Yes,6.3,7.0,87.6,57.5,56.1,75.0,Good
STU_2026839,Female,20,70.9,6.9,53.0,35.4,57.2,Yes,Medium,No,8.8,3.8,49.0,55.0,62.0,46.5,Poor
STU_2026840,Male,22,87.6,9.0,66.6,87.7,54.8,No,Medium,No,5.1,3.8,79.6,88.3,52.7,79.8,Good
STU_2026841,Female,18,53.6,6.2,42.9,96.6,78.7,Yes,Medium,No,7.3,2.2,59.4,33.1,42.8,73.6,Good
STU_2026842,Male,18,54.0,6.7,89.2,40.9,79.1,Yes,High,No,5.2,3.7,60.5,51.6,40.0,57.6,Average
STU_2026843,Female,20,67.7,2.4,89.6,45.5,89.5,Yes,Medium,No,8.0,7.1,79.7,77.6,96.2,68.9,Average
STU_2026844,Male,23,97.1,5.3,75.3,97.4,65.1,Yes,Low,Yes,9.0,3.5,68.0,69.6,99.1,78.7,Good
STU_2026845,Male,21,83.4,7.4,61.2,69.9,44.4,Yes,Medium,No,6.7,7.7,88.7,60.5,33.1,65.9,Average
STU_2026846,Male,19,83.9,3.4,88.0,35.9,56.4,Yes,Medium,No,6.9,7.6,49.4,67.8,40.5,47.9,Poor
STU_2026847,Female,21,68.1,2.8,73.3,51.7,98.8,Yes,High,No,9.1,2.0,87.4,43.8,59.6,73.1,Good
STU_2026848,Female,22,79.7,3.8,89.6,64.2,75.8,Yes,Medium,No,7.1,2.2,43.9,60.2,43.0,62.3,Average
STU_2026849,Female,19,50.5,3.2,77.9,80.0,82.6,No,Medium,No,6.9,7.0,51.6,65.1,55.5,61.5,Average
STU_2026850,Male,25,81.8,2.9,87.1,82.7,40.4,Yes,Medium,Yes,7.4,3.7,79.4,93.1,39.0,78.6,Good
STU_2026851,Female,20,95.7,4.8,75.9,99.7,71.1,Yes,High,Yes,7.9,1.0,91.3,48.3,62.0,84.7,Good
STU_2026852,Male,20,80.6,9.2,64.8,53.7,42.3,Yes,Low,No,5.0,2.9,55.2,90.7,49.0,51.5,Average
STU_2026853,Female,23,93.7,5.6,97.5,70.0,74.2,Yes,Medium,Yes,8.6,5.2,59.6,75.1,54.6,75.0,Good
STU_2026854,Male,19,86.2,2.7,72.5,69.7,95.2,Yes,High,Yes,6.7,6.6,72.2,31.4,36.6,67.2,Average
STU_2026855,Male,18,56.0,1.7,76.3,61.4,,Yes,High,No,4.9,1.9,52.7,80.7,60.0,71.8,Good
STU_2026856,Male,19,95.1,7.3,53.2,46.0,72.4,No,High,No,8.4,1.8,88.7,32.5,98.8,63.7,Average
STU_2026857,Male,22,53.3,4.4,77.5,98.5,67.5,No,Medium,Yes,6.4,7.5,86.4,99.8,53.0,70.5,Good
STU_2026858,Female,18,76.7,8.4,74.3,90.5,96.7,Yes,High,No,5.0,6.3,48.7,91.1,91.4,73.2,Good
STU_2026859,Male,24,57.1,6.9,51.1,67.4,80.4,No,High,No,7.7,5.1,67.8,50.8,89.0,69.1,Average
STU_2026860,Female,24,50.6,8.2,43.6,74.2,43.9,Yes,Medium,No,8.9,6.4,86.5,48.0,96.6,58.9,Average
STU_2026861,Male,25,71.1,3.4,76.3,49.8,67.9,Yes,High,No,8.9,4.0,60.2,56.7,85.3,58.8,Average
STU_2026862,Female,24,64.8,7.2,85.8,70.3,54.4,Yes,High,No,9.3,6.3,78.0,54.9,76.2,68.5,Average
STU_2026863,Male,20,74.3,3.4,71.4,80.2,68.2,Yes,Medium,Yes,8.8,3.6,43.0,56.1,90.0,70.2,Good
STU_2026864,Male,19,78.9,9.5,53.6,68.5,67.3,Yes,Medium,Yes,4.5,2.7,76.5,52.3,35.3,66.6,Average
STU_2026865,Female,24,52.2,6.7,80.0,99.4,74.9,Yes,Medium,No,6.4,6.1,49.2,73.5,62.4,72.7,Good
STU_2026866,Male,21,56.2,3.9,44.8,74.7,61.4,Yes,Medium,No,8.6,3.9,89.8,41.5,99.2,65.2,Average
STU_2026867,Male,23,77.9,3.4,66.5,59.1,49.9,Yes,Medium,No,6.3,7.9,61.3,89.2,83.9,54.2,Average
STU_2026868,Female,21,67.2,2.7,49.8,85.2,70.2,Yes,Medium,No,7.5,3.4,56.9,86.9,97.3,79.2,Good
STU_2026869,Female,24,86.5,7.3,51.1,46.1,89.8,No,High,No,7.5,7.5,90.5,63.4,84.6,66.9,Average
STU_2026870,Male,25,82.6,3.0,52.1,60.0,79.8,Yes,High,No,6.3,7.5,43.0,89.7,91.2,64.4,Average
STU_2026871,Male,23,92.3,6.4,63.2,57.6,60.3,Yes,Medium,Yes,9.0,2.7,63.8,47.3,79.5,65.9,Average
STU_2026872,Female,22,84.6,3.4,43.1,63.1,96.1,Yes,High,Yes,7.0,6.6,62.2,31.2,83.2,67.6,Average
STU_2026873,Male,21,71.5,7.0,63.9,85.8,94.7,Yes,Medium,No,6.8,4.0,57.1,73.3,66.6,77.9,Good
STU_2026874,Male,25,83.6,8.3,70.7,66.5,52.6,Yes,Medium,Yes,9.5,7.4,94.7,62.1,94.7,69.9,Average
STU_2026875,Male,19,63.8,8.0,69.0,86.6,42.4,Yes,High,Yes,7.0,4.2,85.1,69.7,87.8,69.1,Average
STU_2026876,Female,19,65.3,7.8,63.0,72.5,84.5,Yes,High,No,5.4,6.2,43.8,93.0,89.1,68.7,Average
STU_2026877,Female,21,89.4,2.7,90.3,57.2,89.7,Yes,High,No,7.1,4.3,82.9,97.9,77.1,80.4,Good
STU_2026878,Male,24,72.3,1.8,48.7,87.6,98.1,Yes,Medium,No,8.6,2.6,71.6,74.4,51.3,71.6,Good
STU_2026879,Male,25,89.9,7.3,70.3,50.5,93.4,Yes,Medium,Yes,8.4,2.4,94.1,83.5,32.5,74.5,Good
STU_2026880,Male,19,91.1,4.3,43.7,49.6,76.0,Yes,Medium,Yes,8.4,4.0,58.8,35.9,95.5,67.1,Average
STU_2026881,Female,22,92.9,4.9,44.3,67.8,71.8,Yes,High,Yes,8.0,6.3,74.4,41.3,71.0,73.8,Good
STU_2026882,Male,18,95.8,1.3,74.4,52.0,41.7,No,Medium,No,5.8,5.2,70.0,81.3,50.9,58.4,Average
STU_2026883,Male,24,71.5,3.3,74.0,35.6,54.8,Yes,Low,No,8.8,5.8,69.4,60.2,40.4,52.7,Average
STU_2026884,Female,25,65.9,1.3,92.7,77.1,67.6,Yes,High,No,9.0,3.0,67.4,61.2,88.1,70.9,Good
STU_2026885,Male,22,79.1,8.9,73.5,68.2,77.7,Yes,Medium,No,5.5,4.4,52.3,51.6,88.6,67.3,Average
STU_2026886,Female,25,68.6,3.2,97.6,64.0,73.4,Yes,Low,No,5.2,1.3,85.3,72.5,87.0,67.9,Average
STU_2026887,Male,23,80.1,6.0,42.9,97.9,84.6,No,High,Yes,9.4,6.7,67.1,43.0,75.2,71.8,Good
STU_2026888,Male,22,85.3,1.4,45.9,72.1,56.8,Yes,Medium,No,8.8,7.9,97.5,73.9,55.6,63.1,Average
STU_2026889,Male,24,84.4,7.0,42.6,91.1,73.9,Yes,High,No,9.0,3.8,55.6,42.2,51.3,69.1,Average
STU_2026890,Female,23,68.7,3.9,51.1,44.1,45.3,Yes,Medium,No,8.9,1.1,81.0,34.5,30.6,55.1,Average
STU_2026891,Female,24,58.3,9.1,72.5,72.0,64.8,Yes,High,No,7.2,2.2,96.4,53.1,88.4,80.5,Good
STU_2026892,Female,19,71.5,9.0,78.7,91.4,85.0,Yes,Low,Yes,7.7,5.6,79.8,46.2,36.1,74.7,Good
STU_2026893,Male,18,57.1,3.9,42.7,72.9,81.6,Yes,Medium,No,7.2,5.3,92.3,92.2,74.2,72.6,Good
STU_2026894,Female,24,94.5,9.1,96.8,81.7,99.4,Yes,Medium,No,4.8,6.5,89.6,33.8,65.3,84.6,Good
STU_2026895,Male,24,67.3,10.0,90.5,59.2,56.7,Yes,Medium,Yes,8.2,2.8,61.6,42.4,66.9,73.9,Good
STU_2026896,Male,19,57.7,8.4,57.8,41.0,69.9,Yes,Medium,Yes,7.0,6.3,76.0,68.4,94.9,66.1,Average
STU_2026897,Female,20,51.3,8.6,44.6,64.8,59.8,No,Medium,No,7.7,5.8,49.4,63.7,32.2,61.0,Average
STU_2026898,Male,19,82.3,3.2,50.2,60.6,66.4,Yes,Low,No,7.0,3.3,72.1,33.2,84.1,66.7,Average
STU_2026899,Male,23,81.8,6.2,47.6,91.4,91.4,Yes,Low,Yes,7.0,4.8,53.8,30.5,33.6,68.6,Average
STU_2026900,Male,19,67.0,1.6,47.4,50.9,81.1,Yes,Medium,No,5.4,2.0,84.6,99.2,32.7,60.2,Average
STU_2026901,Male,19,53.6,1.9,71.1,97.8,92.9,Yes,Low,Yes,5.9,4.2,71.7,76.1,60.1,70.7,Good
STU_2026902,Male,18,70.5,10.0,54.8,97.3,52.2,Yes,Medium,No,5.3,7.2,64.7,55.6,34.4,64.6,Average
STU_2026903,Female,19,65.6,3.9,61.5,51.1,92.4,Yes,Medium,Yes,5.5,3.9,56.1,62.9,85.2,67.4,Average
STU_2026904,Male,25,83.9,7.7,99.4,57.6,43.6,Yes,Medium,Yes,9.4,6.9,99.9,48.7,67.1,74.0,Good
STU_2026905,Female,24,80.3,8.3,81.1,93.2,93.3,Yes,High,No,5.3,5.1,44.3,54.1,32.0,79.9,Good
STU_2026906,Female,25,68.2,8.7,96.9,97.8,59.7,Yes,High,Yes,5.8,2.3,42.6,75.4,32.8,81.3,Good
STU_2026907,Male,18,60.9,10.0,48.6,63.8,58.9,No,High,No,7.5,5.1,53.0,91.8,72.9,64.6,Average
STU_2026908,Male,21,99.4,3.2,62.9,55.9,70.7,Yes,Medium,Yes,7.6,4.5,98.3,42.9,86.4,74.7,Good
STU_2026909,Male,20,72.7,1.4,73.3,69.2,96.4,Yes,High,No,5.3,3.8,98.8,88.8,60.6,82.2,Good
STU_2026910,Female,25,84.4,4.7,44.6,79.7,42.9,Yes,Medium,Yes,8.5,1.8,79.3,38.5,68.8,59.2,Average
STU_2026911,Male,18,57.0,2.2,40.3,52.8,61.1,Yes,Low,No,8.4,3.9,92.8,45.0,86.0,56.8,Average
STU_2026912,Female,23,74.3,1.2,80.2,82.9,91.4,Yes,High,No,5.7,1.5,52.8,32.6,72.7,75.2,Good
STU_2026913,Male,21,51.4,4.2,78.5,38.4,63.8,Yes,Medium,Yes,5.9,1.7,98.3,39.9,45.7,61.5,Average
STU_2026914,Female,18,75.3,8.1,64.6,38.2,51.9,Yes,High,No,9.2,3.9,48.6,94.2,72.9,54.8,Average
STU_2026915,Male,18,,6.1,69.4,60.1,65.5,Yes,High,Yes,8.6,3.1,46.1,62.2,74.0,57.9,Average
STU_2026916,Male,20,69.2,3.8,64.9,58.0,63.1,Yes,Medium,No,8.0,7.5,46.7,35.4,81.4,56.3,Average
STU_2026917,Female,24,51.9,6.9,41.4,55.5,94.9,Yes,Medium,Yes,4.9,3.6,74.4,97.2,73.5,69.0,Average
STU_2026918,Female,25,51.5,3.1,60.1,66.9,85.7,Yes,Medium,No,6.6,6.3,86.9,91.5,97.8,66.0,Average
STU_2026919,Male,23,69.4,1.1,50.6,55.8,70.3,Yes,High,No,7.3,4.7,62.0,82.8,43.8,64.8,Average
STU_2026920,Female,22,58.0,7.9,45.9,47.5,99.3,Yes,Medium,No,5.4,5.9,98.7,95.3,96.6,72.0,Good
STU_2026921,Female,25,51.2,6.6,97.4,55.1,67.9,Yes,High,No,6.7,2.8,66.1,45.4,67.7,69.6,Average
STU_2026922,Female,22,87.8,7.9,76.0,98.4,43.5,Yes,High,No,7.5,7.6,49.0,88.5,77.0,67.3,Average
STU_2026923,Female,18,72.9,1.4,83.7,61.7,55.7,Yes,High,No,6.1,4.7,68.0,78.3,37.0,59.9,Average
STU_2026924,Male,19,64.5,8.5,58.9,63.9,66.2,Yes,High,No,8.4,6.8,80.7,90.9,56.6,70.8,Good
STU_2026925,Male,23,95.0,6.6,63.6,72.5,49.4,Yes,High,No,8.7,3.6,89.9,85.8,83.9,75.3,Good
STU_2026926,Male,21,55.8,6.1,54.2,98.9,96.9,Yes,High,Yes,6.1,1.7,67.5,54.3,79.5,81.6,Good
STU_2026927,Female,19,97.8,6.6,45.8,50.7,86.0,Yes,Low,No,8.7,5.7,75.6,84.2,32.8,62.1,Average
STU_2026928,Female,19,65.7,8.8,50.7,79.3,56.1,Yes,High,No,5.0,1.1,56.0,48.4,68.3,63.7,Average
STU_2026929,Male,25,94.4,6.3,87.9,81.5,75.4,Yes,High,No,8.7,4.3,78.8,53.0,36.2,76.9,Good
STU_2026930,Male,23,80.1,6.2,80.7,74.5,83.3,Yes,High,No,5.3,2.3,99.2,37.6,99.7,77.5,Good
STU_2026931,Female,24,91.3,9.9,72.8,40.8,96.5,Yes,Medium,Yes,4.9,5.4,42.9,95.5,92.8,73.7,Good
STU_2026932,Female,18,99.2,7.8,68.5,79.0,92.9,Yes,High,No,7.7,7.9,93.2,50.4,31.5,78.8,Good
STU_2026933,Female,18,64.4,5.0,95.3,39.2,70.9,Yes,Low,Yes,6.9,4.3,73.7,66.4,90.1,66.2,Average
STU_2026934,Male,18,98.1,7.4,44.4,73.7,86.5,Yes,Low,Yes,9.0,6.7,55.1,57.4,94.4,65.5,Average
STU_2026935,Male,18,69.5,4.5,56.8,83.1,73.7,No,High,Yes,6.3,4.6,97.3,97.2,54.7,75.0,Good
STU_2026936,Male,25,69.3,3.1,61.0,48.7,73.2,Yes,Medium,No,5.9,4.5,69.0,53.5,80.4,57.7,Average
STU_2026937,Female,22,67.0,6.4,86.9,89.7,46.9,Yes,High,Yes,7.0,7.5,59.9,84.5,60.9,70.3,Good
STU_2026938,Male,18,77.1,9.4,99.6,37.0,47.6,Yes,Medium,Yes,6.8,7.2,50.9,89.9,75.9,57.8,Average
STU_2026939,Female,22,57.7,9.4,54.4,89.8,71.8,Yes,Medium,No,6.2,6.5,54.7,60.5,53.8,65.2,Average
STU_2026940,Male,22,77.7,4.1,92.5,64.9,56.1,Yes,High,Yes,8.0,3.1,90.0,56.5,52.6,67.5,Average
STU_2026941,Female,24,77.1,5.7,89.8,49.1,41.3,Yes,High,Yes,8.3,4.8,76.9,82.3,59.7,69.2,Average
STU_2026942,Female,18,88.1,2.9,53.5,43.7,83.4,Yes,Medium,Yes,8.8,2.6,94.8,93.9,40.2,70.6,Good
STU_2026943,Female,20,91.7,10.0,64.0,97.0,41.9,Yes,Medium,No,9.4,4.1,53.9,82.8,88.2,74.3,Good
STU_2026944,Male,21,72.0,9.8,64.6,39.7,75.7,Yes,High,No,5.8,4.4,47.3,45.9,54.4,58.4,Average
STU_2026945,Male,19,65.1,6.8,98.7,47.9,72.4,Yes,Medium,Yes,8.1,6.8,40.4,92.2,58.0,67.3,Average
STU_2026946,Male,22,63.0,8.2,50.9,57.6,98.1,Yes,Medium,No,6.5,7.3,70.5,57.1,92.6,64.4,Average
STU_2026947,Female,23,59.7,7.4,87.9,75.3,69.1,Yes,Low,No,7.9,3.9,99.9,70.3,64.8,78.7,Good
STU_2026948,Female,23,52.9,6.3,60.1,70.4,43.8,Yes,High,Yes,6.9,1.1,81.7,88.2,68.1,72.8,Good
STU_2026949,Female,21,67.1,1.5,83.9,43.2,73.1,Yes,Medium,Yes,9.5,7.0,58.5,43.2,97.0,60.6,Average
STU_2026950,Female,23,63.5,5.1,65.2,53.8,90.5,Yes,Medium,No,8.1,2.2,92.6,84.9,92.1,78.5,Good
STU_2026951,Female,20,98.3,7.1,74.7,50.5,99.8,Yes,High,No,9.3,5.4,86.9,71.7,41.9,75.1,Good
STU_2026952,Male,23,77.9,7.1,90.0,48.9,65.8,Yes,Medium,Yes,8.7,1.2,40.9,92.5,63.1,67.8,Average
STU_2026953,Female,19,67.4,4.4,88.2,61.7,59.2,Yes,Medium,Yes,9.0,3.8,89.0,42.0,98.0,63.1,Average
STU_2026954,Male,19,79.0,9.5,92.0,80.8,94.4,No,Low,No,8.6,7.9,58.0,59.4,56.1,68.9,Average
STU_2026955,Male,22,57.0,2.5,43.6,49.1,51.5,No,High,Yes,6.8,1.7,49.0,88.3,56.0,52.3,Average
STU_2026956,Female,18,72.2,5.5,81.5,58.8,76.9,Yes,Medium,No,5.8,4.0,53.6,31.3,43.7,65.1,Average
STU_2026957,Male,24,81.3,7.2,48.4,60.4,64.3,Yes,High,No,6.4,3.2,68.1,37.9,38.0,63.9,Average
STU_2026958,Male,20,74.4,7.3,64.9,98.5,42.5,Yes,Low,No,4.6,7.3,65.5,99.3,81.8,68.0,Average
STU_2026959,Female,22,70.1,6.8,72.9,97.1,60.8,Yes,High,Yes,7.1,7.1,57.3,49.6,83.9,75.1,Good
STU_2026960,Male,20,99.7,3.5,64.2,87.0,55.9,Yes,Low,No,7.0,2.7,50.3,98.3,97.8,73.3,Good
STU_2026961,Female,18,94.0,2.4,71.2,50.7,81.2,Yes,Low,Yes,7.1,1.6,85.7,42.8,84.1,65.4,Average
STU_2026962,Male,25,81.2,6.7,99.8,39.4,96.9,No,High,No,9.4,5.4,99.4,55.3,47.0,70.2,Good
STU_2026963,Male,23,78.5,6.4,48.1,55.6,56.1,Yes,Medium,No,9.1,3.4,86.7,82.7,32.8,62.3,Average
STU_2026964,Male,23,81.0,2.6,80.5,52.3,88.7,Yes,Low,No,5.3,5.7,57.8,76.0,99.0,63.0,Average
STU_2026965,Male,24,60.1,7.3,63.8,67.9,43.3,Yes,High,No,6.3,1.2,54.7,70.7,53.8,54.9,Average
STU_2026966,Female,18,69.8,5.1,48.0,85.6,72.3,Yes,Medium,No,6.6,1.9,53.1,67.1,51.8,67.5,Average
STU_2026967,Male,22,52.0,7.0,49.5,90.8,44.2,Yes,Medium,No,6.3,5.8,48.2,89.0,93.4,64.1,Average
STU_2026968,Female,24,73.8,8.5,97.0,89.9,96.0,Yes,High,No,8.5,2.5,73.1,46.4,71.0,89.3,Excellent
STU_2026969,Male,18,77.2,2.5,92.8,58.4,86.0,Yes,High,No,7.1,7.0,76.3,61.0,45.0,81.6,Good
STU_2026970,Female,21,61.4,1.2,94.4,79.7,79.5,Yes,High,No,7.4,1.4,82.3,40.9,92.2,77.4,Good
STU_2026971,Female,19,98.2,8.0,99.5,55.3,89.4,Yes,High,No,8.8,2.5,80.8,71.7,99.5,80.4,Good
STU_2026972,Female,24,95.5,6.5,52.5,39.0,78.9,No,Medium,No,8.5,8.0,57.5,47.5,36.1,49.5,Poor
STU_2026973,Male,24,86.1,7.3,61.3,80.6,98.1,Yes,High,Yes,5.2,4.0,59.8,53.4,90.4,78.5,Good
STU_2026974,Male,22,76.7,8.5,80.2,35.6,82.8,Yes,Low,No,8.1,5.9,80.9,63.0,57.3,63.8,Average
STU_2026975,Male,20,93.5,8.2,69.0,61.6,95.5,Yes,Medium,No,6.7,2.3,61.0,31.9,66.7,65.3,Average
STU_2026976,Female,21,56.5,9.6,65.1,56.4,71.0,Yes,High,No,6.0,5.3,52.8,36.4,94.0,62.0,Average
STU_2026977,Male,22,89.5,5.8,61.5,80.1,47.0,Yes,Medium,No,4.8,6.1,62.5,78.0,98.1,64.1,Average
STU_2026978,Female,18,56.2,5.4,75.6,84.8,71.7,No,Medium,Yes,6.9,3.2,56.3,60.0,48.4,70.5,Good
STU_2026979,Female,18,89.7,4.6,74.5,54.8,47.6,Yes,Low,Yes,6.3,6.8,45.3,90.5,44.9,61.5,Average
STU_2026980,Male,18,63.8,2.4,49.7,87.8,75.5,Yes,High,Yes,5.8,5.2,89.8,78.6,35.6,78.8,Good
STU_2026981,Female,25,93.9,6.2,68.3,54.1,68.9,Yes,High,Yes,8.0,3.7,91.2,30.6,69.3,70.5,Good
STU_2026982,Male,18,97.2,3.5,73.2,64.0,,Yes,Low,No,8.3,4.9,53.2,73.2,31.0,64.5,Average
STU_2026983,Male,20,57.4,9.3,74.2,82.3,40.6,Yes,Low,No,5.7,5.0,43.9,36.6,58.8,57.2,Average
STU_2026984,Female,21,73.1,6.2,52.6,80.0,51.7,Yes,Medium,No,4.7,2.2,84.3,84.7,35.1,73.7,Good
STU_2026985,Female,23,99.0,6.3,84.5,99.2,69.5,Yes,Medium,No,8.7,3.8,52.7,99.4,58.4,79.2,Good
STU_2026986,Female,19,74.2,4.2,41.5,49.6,97.0,Yes,High,Yes,4.5,3.4,63.6,67.2,32.8,59.8,Average
STU_2026987,Male,20,93.2,1.5,61.3,78.1,63.0,No,Medium,Yes,9.2,3.8,43.8,77.8,88.5,60.3,Average
STU_2026988,Male,20,79.4,1.3,86.8,74.6,65.5,Yes,High,Yes,7.6,6.3,53.6,46.6,44.7,70.8,Good
STU_2026989,Female,25,68.8,4.8,73.8,94.5,82.9,Yes,High,No,6.1,4.4,87.6,60.6,53.0,83.0,Good
STU_2026990,Female,23,64.3,1.8,55.7,45.2,76.2,Yes,Medium,No,5.7,7.6,88.3,89.9,90.9,60.3,Average
STU_2026991,Female,23,60.2,6.5,81.7,83.9,57.9,Yes,High,Yes,4.5,3.1,52.4,41.7,82.2,72.3,Good
STU_2026992,Male,19,88.1,8.9,74.0,71.9,64.6,Yes,Medium,Yes,5.7,3.9,60.2,48.6,45.3,60.8,Average
STU_2026993,Female,19,69.3,8.9,87.8,52.9,53.1,Yes,Low,Yes,5.2,6.5,48.1,61.2,35.0,55.6,Average
STU_2026994,Male,23,75.6,6.9,84.1,65.8,98.0,No,High,No,7.6,4.8,44.5,79.9,80.1,79.4,Good
STU_2026995,Male,18,74.6,2.9,76.6,56.7,47.8,Yes,Low,No,5.3,4.8,99.5,56.3,57.3,57.5,Average
STU_2026996,Female,20,78.9,8.8,69.3,72.7,62.3,Yes,Low,No,7.1,1.4,79.3,94.9,83.6,72.2,Good
STU_2026997,Male,22,93.3,9.0,48.0,92.8,41.6,No,Medium,No,7.5,3.8,72.5,36.6,61.2,60.3,Average
STU_2026998,Female,19,99.0,2.8,55.7,72.0,53.3,Yes,High,No,6.0,2.9,85.9,56.0,54.2,72.2,Good
STU_2026999,Male,25,70.4,7.6,65.1,76.1,86.8,Yes,High,Yes,4.7,8.0,90.4,79.6,61.6,75.0,Good
